ID,DataRow ID,Labeled Data,Label,Created By,Project Name,Created At,Updated At,Seconds to Label,External ID,Agreement,Benchmark Agreement,Benchmark ID,Benchmark Reference ID,Dataset Name,Reviews,View Label
ck93y008z85o50887aorr4e3n,ck93vn6f8dy7n0dq11mj141td,https://storage.labelbox.com/ck90mf4fdepww0861upwolhgw%2F58d96efd-1691-e54f-5df1-c37e23fc2e7e-zwhbl_true.jpg?Expires=1588363546696&KeyName=labelbox-assets-key-1&Signature=FrElUgOb-SO5u3AEx3rotgVf8Lg,"{""objects"":[],""classifications"":[{""featureId"":""ck93xzyui2ymt0zb6sdqgkdqh"",""schemaId"":""ck93xb93a7ovs0887utvd4a5i"",""title"":""Identify whether the image is real or photoshopped (fake)."",""value"":""identify_whether_the_image_is_real_or_photoshopped_(fake)."",""answer"":{""featureId"":""ck93xzyvj2ymu0zb6b4do6sys"",""schemaId"":""ck93xb920ldkz0976gyym2c51"",""title"":""REAL"",""value"":""real""}}]}",55soumya.j@gmail.com,Photoshopped or Not v2,1587112829000,1587112829000,0,zwhbl_true.jpg,-1,-1,,,Reddit Photoshop Battles 100,[],https://editor.labelbox.com?project=ck93xa39kbvcs07125r5zhjle&label=ck93y008z85o50887aorr4e3n
ck93y09ywcdgk0712eiwdz4s5,ck93vn6fbdyb70dq19h4a9p4y,https://storage.labelbox.com/ck90mf4fdepww0861upwolhgw%2F29d18dfa-4023-4687-8a1c-557e4d006f53-zpcxx_true.jpg?Expires=1588363546706&KeyName=labelbox-assets-key-1&Signature=gZsNqnK-necTYiNt_w4DjKvVPRo,"{""objects"":[],""classifications"":[{""featureId"":""ck93y06nx0mqn0y74queuutuq"",""schemaId"":""ck93xb93a7ovs0887utvd4a5i"",""title"":""Identify whether the image is real or photoshopped (fake)."",""value"":""identify_whether_the_image_is_real_or_photoshopped_(fake)."",""answer"":{""featureId"":""ck93y06p70mqo0y74t9jtjno7"",""schemaId"":""ck93xb920ldkz0976gyym2c51"",""title"":""REAL"",""value"":""real""}}]}",55soumya.j@gmail.com,Photoshopped or Not v2,1587112841000,1587112841000,0,zpcxx_true.jpg,-1,-1,,,Reddit Photoshop Battles 100,[],https://editor.labelbox.com?project=ck93xa39kbvcs07125r5zhjle&label=ck93y09ywcdgk0712eiwdz4s5
ck93y0gd5qjq00742ijahysxb,ck93vn6f1dy0v0dq1glha0x56,https://storage.labelbox.com/ck90mf4fdepww0861upwolhgw%2Ff3ecbf29-e7bf-3edd-2a74-e974d0eecd9c-zxgco_fake.jpg?Expires=1588363546706&KeyName=labelbox-assets-key-1&Signature=qu8kZEPFDXoLytZNkiFubQJ2FTI,"{""objects"":[],""classifications"":[{""featureId"":""ck93y0fcl3lps0y7pi2sx2eah"",""schemaId"":""ck93xb93a7ovs0887utvd4a5i"",""title"":""Identify whether the image is real or photoshopped (fake)."",""value"":""identify_whether_the_image_is_real_or_photoshopped_(fake)."",""answer"":{""featureId"":""ck93y0fdg3lpt0y7pes68isw2"",""schemaId"":""ck93xb920ldkz0976gyym2c51"",""title"":""REAL"",""value"":""real""}}]}",55soumya.j@gmail.com,Photoshopped or Not v2,1587112850000,1587112850000,0,zxgco_fake.jpg,-1,-1,,,Reddit Photoshop Battles 100,[],https://editor.labelbox.com?project=ck93xa39kbvcs07125r5zhjle&label=ck93y0gd5qjq00742ijahysxb
ck93y0nwb0rxg09408ylz2866,ck93vn6f3dy4f0dq14mi68k8p,https://storage.labelbox.com/ck90mf4fdepww0861upwolhgw%2F40f3b311-bb94-7b80-7a67-030fc3ab3a76-ztjif_fake.jpg?Expires=1588363546707&KeyName=labelbox-assets-key-1&Signature=oIN92099ZzhCVc6jWmFOSMqb8TM,"{""objects"":[],""classifications"":[{""featureId"":""ck93y0mvs0ibk0zbq913lbwqm"",""schemaId"":""ck93xb93a7ovs0887utvd4a5i"",""title"":""Identify whether the image is real or photoshopped (fake)."",""value"":""identify_whether_the_image_is_real_or_photoshopped_(fake)."",""answer"":{""featureId"":""ck93y0mwu0ibl0zbqhfsw7c3o"",""schemaId"":""ck93xb920ldl0097686oyfox0"",""title"":""FAKE"",""value"":""fake""}}]}",55soumya.j@gmail.com,Photoshopped or Not v2,1587112859000,1587112859000,0,ztjif_fake.jpg,-1,-1,,,Reddit Photoshop Battles 100,[],https://editor.labelbox.com?project=ck93xa39kbvcs07125r5zhjle&label=ck93y0nwb0rxg09408ylz2866
ck93y0vqv86h808870ki1n25j,ck93vn6f8dy7z0dq13pah17io,https://storage.labelbox.com/ck90mf4fdepww0861upwolhgw%2Fcd14e6c4-6cf4-dea4-1a8f-0ad3668bd6ad-zxcf0_fake.jpg?Expires=1588363546707&KeyName=labelbox-assets-key-1&Signature=x71h6DNk4nH85jBZJeTUINfPMEo,"{""objects"":[],""classifications"":[{""featureId"":""ck93y0uoa0ibx0zbqf1yb77ca"",""schemaId"":""ck93xb93a7ovs0887utvd4a5i"",""title"":""Identify whether the image is real or photoshopped (fake)."",""value"":""identify_whether_the_image_is_real_or_photoshopped_(fake)."",""answer"":{""featureId"":""ck93y0upl0iby0zbqzybbb3qf"",""schemaId"":""ck93xb920ldl0097686oyfox0"",""title"":""FAKE"",""value"":""fake""}}]}",55soumya.j@gmail.com,Photoshopped or Not v2,1587112870000,1587112870000,0,zxcf0_fake.jpg,-1,-1,,,Reddit Photoshop Battles 100,[],https://editor.labelbox.com?project=ck93xa39kbvcs07125r5zhjle&label=ck93y0vqv86h808870ki1n25j
ck93y1540ce780712ujyc4h23,ck93vn6fbdybj0dq1esyp2fp4,https://storage.labelbox.com/ck90mf4fdepww0861upwolhgw%2F29c84051-ad17-28ae-da2f-40a68d9a94b2-zpgqg_fake.jpg?Expires=1588363546708&KeyName=labelbox-assets-key-1&Signature=g_4AYKT_rt58J216l0qG3VBpqgk,"{""objects"":[],""classifications"":[{""featureId"":""ck93y13u22yon0zb6a3fi1fm4"",""schemaId"":""ck93xb93a7ovs0887utvd4a5i"",""title"":""Identify whether the image is real or photoshopped (fake)."",""value"":""identify_whether_the_image_is_real_or_photoshopped_(fake)."",""answer"":{""featureId"":""ck93y13wn2yop0zb6fj60dx7m"",""schemaId"":""ck93xb920ldl0097686oyfox0"",""title"":""FAKE"",""value"":""fake""}}]}",55soumya.j@gmail.com,Photoshopped or Not v2,1587112882000,1587112882000,0,zpgqg_fake.jpg,-1,-1,,,Reddit Photoshop Battles 100,[],https://editor.labelbox.com?project=ck93xa39kbvcs07125r5zhjle&label=ck93y1540ce780712ujyc4h23
ck93y1b3bctgo0716pfemdimh,ck93vn6f1dy170dq17z99h9nj,https://storage.labelbox.com/ck90mf4fdepww0861upwolhgw%2Faa0d625f-fd54-93b6-9535-4cd6d88e6a58-zxkbn_true.jpg?Expires=1588363546709&KeyName=labelbox-assets-key-1&Signature=Q9_3cuuVuOpQ3vOBUQGLojiFNjE,"{""objects"":[],""classifications"":[{""featureId"":""ck93y1a7x09r011c9qjmv8nih"",""schemaId"":""ck93xb93a7ovs0887utvd4a5i"",""title"":""Identify whether the image is real or photoshopped (fake)."",""value"":""identify_whether_the_image_is_real_or_photoshopped_(fake)."",""answer"":{""featureId"":""ck93y1a9a09r111c9720j3jez"",""schemaId"":""ck93xb920ldkz0976gyym2c51"",""title"":""REAL"",""value"":""real""}}]}",55soumya.j@gmail.com,Photoshopped or Not v2,1587112889000,1587112890000,0,zxkbn_true.jpg,-1,-1,,,Reddit Photoshop Battles 100,[],https://editor.labelbox.com?project=ck93xa39kbvcs07125r5zhjle&label=ck93y1b3bctgo0716pfemdimh
ck93y1jscqkkg0742cfbcvh8i,ck93vn6f3dy4r0dq1bh8a5sd0,https://storage.labelbox.com/ck90mf4fdepww0861upwolhgw%2F86ddffd1-ee65-8721-f0d0-2ea0e83f455b-ztm1p_true.jpg?Expires=1588363546709&KeyName=labelbox-assets-key-1&Signature=DRCaOCn47_r0yvsnMW7sOTHr4Rw,"{""objects"":[],""classifications"":[{""featureId"":""ck93y1hfa2ypf0zb6yubx8zkr"",""schemaId"":""ck93xb93a7ovs0887utvd4a5i"",""title"":""Identify whether the image is real or photoshopped (fake)."",""value"":""identify_whether_the_image_is_real_or_photoshopped_(fake)."",""answer"":{""featureId"":""ck93y1hg02ypg0zb6erevizf2"",""schemaId"":""ck93xb920ldl0097686oyfox0"",""title"":""FAKE"",""value"":""fake""}}]}",55soumya.j@gmail.com,Photoshopped or Not v2,1587112901000,1587112901000,0,ztm1p_true.jpg,-1,-1,,,Reddit Photoshop Battles 100,[],https://editor.labelbox.com?project=ck93xa39kbvcs07125r5zhjle&label=ck93y1jscqkkg0742cfbcvh8i
ck93y1smolqok0861l8n8cqfe,ck93vn6f8dy8b0dq12smhdbge,https://storage.labelbox.com/ck90mf4fdepww0861upwolhgw%2Fca6945f3-aee9-9c67-f8b2-bcbfd1181879-zxe5h_true.jpg?Expires=1588363546710&KeyName=labelbox-assets-key-1&Signature=IOCXcnENmGg-XPX96rEsVV-MNE0,"{""objects"":[],""classifications"":[{""featureId"":""ck93y1plf0mtl0y742noopjcr"",""schemaId"":""ck93xb93a7ovs0887utvd4a5i"",""title"":""Identify whether the image is real or photoshopped (fake)."",""value"":""identify_whether_the_image_is_real_or_photoshopped_(fake)."",""answer"":{""featureId"":""ck93y1r3t0mtm0y744bzstxyc"",""schemaId"":""ck93xb920ldl0097686oyfox0"",""title"":""FAKE"",""value"":""fake""}}]}",55soumya.j@gmail.com,Photoshopped or Not v2,1587112912000,1587112912000,0,zxe5h_true.jpg,-1,-1,,,Reddit Photoshop Battles 100,[],https://editor.labelbox.com?project=ck93xa39kbvcs07125r5zhjle&label=ck93y1smolqok0861l8n8cqfe
ck93y2167lqw00861t7rgiw2x,ck93vn6fbdybv0dq108s0e7ht,https://storage.labelbox.com/ck90mf4fdepww0861upwolhgw%2F06633271-60e8-33b3-bed3-698035a1f84e-zpgt7_true.jpg?Expires=1588363546710&KeyName=labelbox-assets-key-1&Signature=DraYejaD3-BNJoyhBqp2a1CRMnY,"{""objects"":[],""classifications"":[{""featureId"":""ck93y208z0ieu0zbqzzax7pvm"",""schemaId"":""ck93xb93a7ovs0887utvd4a5i"",""title"":""Identify whether the image is real or photoshopped (fake)."",""value"":""identify_whether_the_image_is_real_or_photoshopped_(fake)."",""answer"":{""featureId"":""ck93y209q0iev0zbqcememq5a"",""schemaId"":""ck93xb920ldl0097686oyfox0"",""title"":""FAKE"",""value"":""fake""}}]}",55soumya.j@gmail.com,Photoshopped or Not v2,1587112923000,1587112923000,0,zpgt7_true.jpg,-1,-1,,,Reddit Photoshop Battles 100,[],https://editor.labelbox.com?project=ck93xa39kbvcs07125r5zhjle&label=ck93y2167lqw00861t7rgiw2x
ck93yh8z8m92s0976ihkvpiws,ck93vn6f1dy1j0dq1eq4m3nvc,https://storage.labelbox.com/ck90mf4fdepww0861upwolhgw%2F028b9645-bde2-f291-c154-e914b030027e-zy8kj_fake.jpg?Expires=1588363546711&KeyName=labelbox-assets-key-1&Signature=fy2p5hma9YSbsVyWOek4KV2iyAQ,"{""objects"":[],""classifications"":[{""featureId"":""ck93yh81m0aiu11c90rwqum0w"",""schemaId"":""ck93xb93a7ovs0887utvd4a5i"",""title"":""Identify whether the image is real or photoshopped (fake)."",""value"":""identify_whether_the_image_is_real_or_photoshopped_(fake)."",""answer"":{""featureId"":""ck93yh82a0aiv11c9209kh7lc"",""schemaId"":""ck93xb920ldkz0976gyym2c51"",""title"":""REAL"",""value"":""real""}}]}",55soumya.j@gmail.com,Photoshopped or Not v2,1587113633000,1587113633000,0,zy8kj_fake.jpg,-1,-1,,,Reddit Photoshop Battles 100,[],https://editor.labelbox.com?project=ck93xa39kbvcs07125r5zhjle&label=ck93yh8z8m92s0976ihkvpiws
ck93yhihp1652094037xsp9zd,ck93vn6f3dy530dq1ege920gw,https://storage.labelbox.com/ck90mf4fdepww0861upwolhgw%2F1636777f-76f8-0fd1-2675-74cf54a6427a-ztr4e_fake.jpg?Expires=1588363546711&KeyName=labelbox-assets-key-1&Signature=SXqV1nkZn14J51dKZaqqfbsB3ms,"{""objects"":[],""classifications"":[{""featureId"":""ck93yhhhb0aje11c9ct3p79nh"",""schemaId"":""ck93xb93a7ovs0887utvd4a5i"",""title"":""Identify whether the image is real or photoshopped (fake)."",""value"":""identify_whether_the_image_is_real_or_photoshopped_(fake)."",""answer"":{""featureId"":""ck93yhhiw0ajf11c9kwsezodi"",""schemaId"":""ck93xb920ldkz0976gyym2c51"",""title"":""REAL"",""value"":""real""}}]}",55soumya.j@gmail.com,Photoshopped or Not v2,1587113646000,1587113646000,0,ztr4e_fake.jpg,-1,-1,,,Reddit Photoshop Battles 100,[],https://editor.labelbox.com?project=ck93xa39kbvcs07125r5zhjle&label=ck93yhihp1652094037xsp9zd
ck93yhm2cm3v30861dinkm3sh,ck93vn6f9dy8n0dq1dlfa5rv6,https://storage.labelbox.com/ck90mf4fdepww0861upwolhgw%2Fce6bb437-eb52-2ae4-c1ca-3c8ea7539e45-zmc8p_fake.jpg?Expires=1588363546712&KeyName=labelbox-assets-key-1&Signature=lOpqRQ5dVABvnB6xCnlID-DBgE8,"{""objects"":[],""classifications"":[{""featureId"":""ck93yhl1m3fk510aomaxmxvuv"",""schemaId"":""ck93xb93a7ovs0887utvd4a5i"",""title"":""Identify whether the image is real or photoshopped (fake)."",""value"":""identify_whether_the_image_is_real_or_photoshopped_(fake)."",""answer"":{""featureId"":""ck93yhl2a3fk610aow8pan6ne"",""schemaId"":""ck93xb920ldl0097686oyfox0"",""title"":""FAKE"",""value"":""fake""}}]}",55soumya.j@gmail.com,Photoshopped or Not v2,1587113650000,1587113650000,0,zmc8p_fake.jpg,-1,-1,,,Reddit Photoshop Battles 100,[],https://editor.labelbox.com?project=ck93xa39kbvcs07125r5zhjle&label=ck93yhm2cm3v30861dinkm3sh
ck93yhqb88l6h0887zzn7alj5,ck93vn6f2dy1v0dq1cpxa52xu,https://storage.labelbox.com/ck90mf4fdepww0861upwolhgw%2F007cdb7a-14ea-26f6-9c67-55e5ba6a5b55-zywds_true.jpg?Expires=1588363546713&KeyName=labelbox-assets-key-1&Signature=IT8fcJTAmsZJkvRMexos4fl4Gh0,"{""objects"":[],""classifications"":[{""featureId"":""ck93yhpe90ajt11c9xocz0ol8"",""schemaId"":""ck93xb93a7ovs0887utvd4a5i"",""title"":""Identify whether the image is real or photoshopped (fake)."",""value"":""identify_whether_the_image_is_real_or_photoshopped_(fake)."",""answer"":{""featureId"":""ck93yhpfo0aju11c9h8kj9xqk"",""schemaId"":""ck93xb920ldkz0976gyym2c51"",""title"":""REAL"",""value"":""real""}}]}",55soumya.j@gmail.com,Photoshopped or Not v2,1587113656000,1587113656000,0,zywds_true.jpg,-1,-1,,,Reddit Photoshop Battles 100,[],https://editor.labelbox.com?project=ck93xa39kbvcs07125r5zhjle&label=ck93yhqb88l6h0887zzn7alj5
ck93yhv06d7i80716wlomm97v,ck93vn6f7dy5f0dq1fg5q9yk8,https://storage.labelbox.com/ck90mf4fdepww0861upwolhgw%2F361f5f42-b34d-608b-7635-425e6dc01b48-zucyj_true.jpg?Expires=1588363546716&KeyName=labelbox-assets-key-1&Signature=M8qYCcI9sBmsQk8poqeHH40rBJs,"{""objects"":[],""classifications"":[{""featureId"":""ck93yhu3k0j570zbq92ag5ecg"",""schemaId"":""ck93xb93a7ovs0887utvd4a5i"",""title"":""Identify whether the image is real or photoshopped (fake)."",""value"":""identify_whether_the_image_is_real_or_photoshopped_(fake)."",""answer"":{""featureId"":""ck93yhu4d0j580zbqz81blksj"",""schemaId"":""ck93xb920ldkz0976gyym2c51"",""title"":""REAL"",""value"":""real""}}]}",55soumya.j@gmail.com,Photoshopped or Not v2,1587113662000,1587113662000,0,zucyj_true.jpg,-1,-1,,,Reddit Photoshop Battles 100,[],https://editor.labelbox.com?project=ck93xa39kbvcs07125r5zhjle&label=ck93yhv06d7i80716wlomm97v
ck93yhzowd7mw0716g97i4fc7,ck93vn6f9dy8z0dq145h7ep1m,https://storage.labelbox.com/ck90mf4fdepww0861upwolhgw%2F50966188-a9ea-ea89-f6e9-5f9bd6ee9a18-zmecl_true.jpg?Expires=1588363546717&KeyName=labelbox-assets-key-1&Signature=OviOuyzPprVL65GSi__og_D_CXk,"{""objects"":[],""classifications"":[{""featureId"":""ck93yhydg3fkz10aor96jp1i3"",""schemaId"":""ck93xb93a7ovs0887utvd4a5i"",""title"":""Identify whether the image is real or photoshopped (fake)."",""value"":""identify_whether_the_image_is_real_or_photoshopped_(fake)."",""answer"":{""featureId"":""ck93yhyeb3fl010aofu08ozda"",""schemaId"":""ck93xb920ldkz0976gyym2c51"",""title"":""REAL"",""value"":""real""}}]}",55soumya.j@gmail.com,Photoshopped or Not v2,1587113668000,1587113668000,0,zmecl_true.jpg,-1,-1,,,Reddit Photoshop Battles 100,[],https://editor.labelbox.com?project=ck93xa39kbvcs07125r5zhjle&label=ck93yhzowd7mw0716g97i4fc7
ck93yzr6ymqhn0976q96u22ij,ck93vn6f2dy270dq13xqr5wc2,https://storage.labelbox.com/ck90mf4fdepww0861upwolhgw%2Fc9f8acab-b229-40fb-b92f-cc2163a9df8e-zzkzg_fake.jpg?Expires=1588363546717&KeyName=labelbox-assets-key-1&Signature=xjGfIP-kRwmgRcN_rEoDPizdhW4,"{""objects"":[],""classifications"":[{""featureId"":""ck93yi3492zic0zb6wi83uk0h"",""schemaId"":""ck93xb93a7ovs0887utvd4a5i"",""title"":""Identify whether the image is real or photoshopped (fake)."",""value"":""identify_whether_the_image_is_real_or_photoshopped_(fake)."",""answer"":{""featureId"":""ck93yzqah0omu0y74xdq4ptp9"",""schemaId"":""ck93xb920ldl0097686oyfox0"",""title"":""FAKE"",""value"":""fake""}}]}",55soumya.j@gmail.com,Photoshopped or Not v2,1587114497000,1587114497000,0,zzkzg_fake.jpg,-1,-1,,,Reddit Photoshop Battles 100,[],https://editor.labelbox.com?project=ck93xa39kbvcs07125r5zhjle&label=ck93yzr6ymqhn0976q96u22ij
ck93yzzded9710712whp0yz4i,ck93vn6f7dy5r0dq18dinfzij,https://storage.labelbox.com/ck90mf4fdepww0861upwolhgw%2F2fd5937d-02ea-e48c-07a1-c7e40310ac24-zvbp3_fake.jpg?Expires=1588363546718&KeyName=labelbox-assets-key-1&Signature=-UOJC1CGm8p4zTfxKINCV1iH2P8,"{""objects"":[],""classifications"":[{""featureId"":""ck93yzwq73nj80y7pwx3kjj8d"",""schemaId"":""ck93xb93a7ovs0887utvd4a5i"",""title"":""Identify whether the image is real or photoshopped (fake)."",""value"":""identify_whether_the_image_is_real_or_photoshopped_(fake)."",""answer"":{""featureId"":""ck93yzwr83nj90y7p0maqeb1w"",""schemaId"":""ck93xb920ldl0097686oyfox0"",""title"":""FAKE"",""value"":""fake""}}]}",55soumya.j@gmail.com,Photoshopped or Not v2,1587114507000,1587114507000,0,zvbp3_fake.jpg,-1,-1,,,Reddit Photoshop Battles 100,[],https://editor.labelbox.com?project=ck93xa39kbvcs07125r5zhjle&label=ck93yzzded9710712whp0yz4i
ck93z0l3rmllk0861bst85wey,ck93vn6fady9b0dq1cjrn42za,https://storage.labelbox.com/ck90mf4fdepww0861upwolhgw%2Fa514379c-6a37-8cb5-6339-5eb997794111-zmhxy_fake.jpg?Expires=1588363546718&KeyName=labelbox-assets-key-1&Signature=_J_aGiDVHvlFWUXAr_FQv5IbeKc,"{""objects"":[],""classifications"":[{""featureId"":""ck93z0gkn318x0zb6b2pjtg52"",""schemaId"":""ck93xb93a7ovs0887utvd4a5i"",""title"":""Identify whether the image is real or photoshopped (fake)."",""value"":""identify_whether_the_image_is_real_or_photoshopped_(fake)."",""answer"":{""featureId"":""ck93z0h5n31920zb6dur6a5bm"",""schemaId"":""ck93xb920ldl0097686oyfox0"",""title"":""FAKE"",""value"":""fake""}}]}",55soumya.j@gmail.com,Photoshopped or Not v2,1587114535000,1587114535000,0,zmhxy_fake.jpg,-1,-1,,,Reddit Photoshop Battles 100,[],https://editor.labelbox.com?project=ck93xa39kbvcs07125r5zhjle&label=ck93z0l3rmllk0861bst85wey
ck93z0soer0a50741agsdfurh,ck93vn6f2dy2j0dq1etk7d182,https://storage.labelbox.com/ck90mf4fdepww0861upwolhgw%2Ff6430d24-36b2-c456-7ba8-4c1050081e55-zzp03_true.jpg?Expires=1588363546719&KeyName=labelbox-assets-key-1&Signature=seNP80bAZGUgcCcButGkqTsIb4A,"{""objects"":[],""classifications"":[{""featureId"":""ck93z0r583gm110aoblndez4d"",""schemaId"":""ck93xb93a7ovs0887utvd4a5i"",""title"":""Identify whether the image is real or photoshopped (fake)."",""value"":""identify_whether_the_image_is_real_or_photoshopped_(fake)."",""answer"":{""featureId"":""ck93z0ra53gm310aonplwkkj3"",""schemaId"":""ck93xb920ldkz0976gyym2c51"",""title"":""REAL"",""value"":""real""}}]}",55soumya.j@gmail.com,Photoshopped or Not v2,1587114545000,1587114545000,0,zzp03_true.jpg,-1,-1,,,Reddit Photoshop Battles 100,[],https://editor.labelbox.com?project=ck93xa39kbvcs07125r5zhjle&label=ck93z0soer0a50741agsdfurh
ck93z1443dak50712puuct5g4,ck93vn6f7dy630dq1hpq7dz7l,https://storage.labelbox.com/ck90mf4fdepww0861upwolhgw%2F5509859f-8344-7953-074c-ced368d106ff-zvjjs_true.jpg?Expires=1588363546719&KeyName=labelbox-assets-key-1&Signature=F31_iq_JXOAdOyLFQr1-KcvhtiU,"{""objects"":[],""classifications"":[{""featureId"":""ck93z133j31al0zb6lpa63pl5"",""schemaId"":""ck93xb93a7ovs0887utvd4a5i"",""title"":""Identify whether the image is real or photoshopped (fake)."",""value"":""identify_whether_the_image_is_real_or_photoshopped_(fake)."",""answer"":{""featureId"":""ck93z134a31am0zb6fhbiqli2"",""schemaId"":""ck93xb920ldkz0976gyym2c51"",""title"":""REAL"",""value"":""real""}}]}",55soumya.j@gmail.com,Photoshopped or Not v2,1587114560000,1587114560000,0,zvjjs_true.jpg,-1,-1,,,Reddit Photoshop Battles 100,[],https://editor.labelbox.com?project=ck93xa39kbvcs07125r5zhjle&label=ck93z1443dak50712puuct5g4
ck93z1djzr12o0741d82y4160,ck93vn6fady9n0dq15qbkf37k,https://storage.labelbox.com/ck90mf4fdepww0861upwolhgw%2F48620d87-fcf7-3330-ee59-732adf7d4bc3-zmite_true.jpg?Expires=1588363546720&KeyName=labelbox-assets-key-1&Signature=DQfXlg95wUfIbHpMG44el5-PWqI,"{""objects"":[],""classifications"":[{""featureId"":""ck93z1cha0k920zbqnn4jtuyb"",""schemaId"":""ck93xb93a7ovs0887utvd4a5i"",""title"":""Identify whether the image is real or photoshopped (fake)."",""value"":""identify_whether_the_image_is_real_or_photoshopped_(fake)."",""answer"":{""featureId"":""ck93z1cic0k930zbqt7t6s6i0"",""schemaId"":""ck93xb920ldkz0976gyym2c51"",""title"":""REAL"",""value"":""real""}}]}",55soumya.j@gmail.com,Photoshopped or Not v2,1587114572000,1587114572000,0,zmite_true.jpg,-1,-1,,,Reddit Photoshop Battles 100,[],https://editor.labelbox.com?project=ck93xa39kbvcs07125r5zhjle&label=ck93z1djzr12o0741d82y4160
ck93z1i3kmsew0976h92mfcp9,ck93vn6f2dy2v0dq10soa586d,https://storage.labelbox.com/ck90mf4fdepww0861upwolhgw%2Fcaca8249-5e04-c163-8e5b-d84198f63a22-zrlol_fake.jpg?Expires=1588363546720&KeyName=labelbox-assets-key-1&Signature=oRZjJioz_eUpn6WbHThe5FpBKl8,"{""objects"":[],""classifications"":[{""featureId"":""ck93z1h840k9a0zbqkjyuhn8m"",""schemaId"":""ck93xb93a7ovs0887utvd4a5i"",""title"":""Identify whether the image is real or photoshopped (fake)."",""value"":""identify_whether_the_image_is_real_or_photoshopped_(fake)."",""answer"":{""featureId"":""ck93z1h9u0k9c0zbqd3rbxolt"",""schemaId"":""ck93xb920ldl0097686oyfox0"",""title"":""FAKE"",""value"":""fake""}}]}",55soumya.j@gmail.com,Photoshopped or Not v2,1587114578000,1587114578000,0,zrlol_fake.jpg,-1,-1,,,Reddit Photoshop Battles 100,[],https://editor.labelbox.com?project=ck93xa39kbvcs07125r5zhjle&label=ck93z1i3kmsew0976h92mfcp9
ck93z1ntk1pfp0940kw34iz0e,ck93vn6f7dy6f0dq11dfk8j21,https://storage.labelbox.com/ck90mf4fdepww0861upwolhgw%2F6b74ec8f-3269-d7e1-f5af-2d80e3e6d5dc-zvuqr_fake.jpg?Expires=1588363546721&KeyName=labelbox-assets-key-1&Signature=6i6mwH6Aw3adtz8Nvf72qj0W8z0,"{""objects"":[],""classifications"":[{""featureId"":""ck93z1mmp3goh10aoutugb70k"",""schemaId"":""ck93xb93a7ovs0887utvd4a5i"",""title"":""Identify whether the image is real or photoshopped (fake)."",""value"":""identify_whether_the_image_is_real_or_photoshopped_(fake)."",""answer"":{""featureId"":""ck93z1mo73goi10aos6qmv7d7"",""schemaId"":""ck93xb920ldl0097686oyfox0"",""title"":""FAKE"",""value"":""fake""}}]}",55soumya.j@gmail.com,Photoshopped or Not v2,1587114586000,1587114586000,0,zvuqr_fake.jpg,-1,-1,,,Reddit Photoshop Battles 100,[],https://editor.labelbox.com?project=ck93xa39kbvcs07125r5zhjle&label=ck93z1ntk1pfp0940kw34iz0e
ck93z1uxldbh60712vqnnp0ky,ck93vn6fady9z0dq10xcq8jne,https://storage.labelbox.com/ck90mf4fdepww0861upwolhgw%2F71b7829d-3819-fd38-8743-7da9efa8ba64-zmm0x_fake.jpg?Expires=1588363546721&KeyName=labelbox-assets-key-1&Signature=fdDKqUF-MUODHR-Al3W9z01YR1w,"{""objects"":[],""classifications"":[{""featureId"":""ck93z1te40bm411c9ck1ruxi6"",""schemaId"":""ck93xb93a7ovs0887utvd4a5i"",""title"":""Identify whether the image is real or photoshopped (fake)."",""value"":""identify_whether_the_image_is_real_or_photoshopped_(fake)."",""answer"":{""featureId"":""ck93z1tfb0bm511c9sf3nry3v"",""schemaId"":""ck93xb920ldkz0976gyym2c51"",""title"":""REAL"",""value"":""real""}}]}",55soumya.j@gmail.com,Photoshopped or Not v2,1587114595000,1587114595000,0,zmm0x_fake.jpg,-1,-1,,,Reddit Photoshop Battles 100,[],https://editor.labelbox.com?project=ck93xa39kbvcs07125r5zhjle&label=ck93z1uxldbh60712vqnnp0ky
ck93z283zri8r0742hkj6iv9l,ck93vn6f2dy370dq11ctedvn3,https://storage.labelbox.com/ck90mf4fdepww0861upwolhgw%2F4cde73db-1391-4ead-4d1b-c36813ce9b80-zrm63_true.jpg?Expires=1588363546722&KeyName=labelbox-assets-key-1&Signature=LjeSS0ChrY08XHl6c_31cM4ljck,"{""objects"":[],""classifications"":[{""featureId"":""ck93z26up31cj0zb66ikulzbj"",""schemaId"":""ck93xb93a7ovs0887utvd4a5i"",""title"":""Identify whether the image is real or photoshopped (fake)."",""value"":""identify_whether_the_image_is_real_or_photoshopped_(fake)."",""answer"":{""featureId"":""ck93z26vg31ck0zb6gl4am0py"",""schemaId"":""ck93xb920ldl0097686oyfox0"",""title"":""FAKE"",""value"":""fake""}}]}",55soumya.j@gmail.com,Photoshopped or Not v2,1587114612000,1587114612000,0,zrm63_true.jpg,-1,-1,,,Reddit Photoshop Battles 100,[],https://editor.labelbox.com?project=ck93xa39kbvcs07125r5zhjle&label=ck93z283zri8r0742hkj6iv9l
ck93z2dy4riez07426hvgnz4t,ck93vn6f8dy6r0dq1g3k54gdx,https://storage.labelbox.com/ck90mf4fdepww0861upwolhgw%2F8dd864a8-4b6a-3ff5-67c3-5e9393513588-zvwj1_true.jpg?Expires=1588363546722&KeyName=labelbox-assets-key-1&Signature=mQrVAHv35dmfWbHfdSQ3OnK1FFg,"{""objects"":[],""classifications"":[{""featureId"":""ck93z2cy431cx0zb65oosfb0l"",""schemaId"":""ck93xb93a7ovs0887utvd4a5i"",""title"":""Identify whether the image is real or photoshopped (fake)."",""value"":""identify_whether_the_image_is_real_or_photoshopped_(fake)."",""answer"":{""featureId"":""ck93z2cz431cy0zb60djpc867"",""schemaId"":""ck93xb920ldkz0976gyym2c51"",""title"":""REAL"",""value"":""real""}}]}",55soumya.j@gmail.com,Photoshopped or Not v2,1587114619000,1587114620000,0,zvwj1_true.jpg,-1,-1,,,Reddit Photoshop Battles 100,[],https://editor.labelbox.com?project=ck93xa39kbvcs07125r5zhjle&label=ck93z2dy4riez07426hvgnz4t
ck93z2odo95350887l8oqzk2v,ck93vn6fadyab0dq161455ew0,https://storage.labelbox.com/ck90mf4fdepww0861upwolhgw%2F792ba76f-4d87-9539-b64b-73a699c260e7-zmoan_true.jpg?Expires=1588363546723&KeyName=labelbox-assets-key-1&Signature=JNBBtMcJl8wMB6zxBzJiWvXs0bk,"{""objects"":[],""classifications"":[{""featureId"":""ck93z2hmy0kbn0zbqn4fm2cxy"",""schemaId"":""ck93xb93a7ovs0887utvd4a5i"",""title"":""Identify whether the image is real or photoshopped (fake)."",""value"":""identify_whether_the_image_is_real_or_photoshopped_(fake)."",""answer"":{""featureId"":""ck93z2neg0kc30zbq0qjfc009"",""schemaId"":""ck93xb920ldl0097686oyfox0"",""title"":""FAKE"",""value"":""fake""}}]}",55soumya.j@gmail.com,Photoshopped or Not v2,1587114633000,1587114633000,0,zmoan_true.jpg,-1,-1,,,Reddit Photoshop Battles 100,[],https://editor.labelbox.com?project=ck93xa39kbvcs07125r5zhjle&label=ck93z2odo95350887l8oqzk2v
ck93z2tmfdcfm0712qlyriqbf,ck93vn6f3dy3j0dq10pirhuum,https://storage.labelbox.com/ck90mf4fdepww0861upwolhgw%2F2fa65a7a-07cf-7e6d-0db8-c9c806dbb5c2-zrtst_fake.jpg?Expires=1588363546723&KeyName=labelbox-assets-key-1&Signature=W5K5R0A1bdiBp7Gzu02kGC2wY6o,"{""objects"":[],""classifications"":[{""featureId"":""ck93z2snr0bo911c9g5q1y4wj"",""schemaId"":""ck93xb93a7ovs0887utvd4a5i"",""title"":""Identify whether the image is real or photoshopped (fake)."",""value"":""identify_whether_the_image_is_real_or_photoshopped_(fake)."",""answer"":{""featureId"":""ck93z2sop0boa11c937poa6xb"",""schemaId"":""ck93xb920ldl0097686oyfox0"",""title"":""FAKE"",""value"":""fake""}}]}",55soumya.j@gmail.com,Photoshopped or Not v2,1587114640000,1587114640000,0,zrtst_fake.jpg,-1,-1,,,Reddit Photoshop Battles 100,[],https://editor.labelbox.com?project=ck93xa39kbvcs07125r5zhjle&label=ck93z2tmfdcfm0712qlyriqbf
ck93z34r8muc709760ur9lkxx,ck93vn6f8dy730dq1gwf5cqm0,https://storage.labelbox.com/ck90mf4fdepww0861upwolhgw%2Ff14604a6-ae35-5905-0419-36c215dd358d-zw2gh_fake.jpg?Expires=1588363546724&KeyName=labelbox-assets-key-1&Signature=6CV5SgqxDGhwo1hDobU1rp4N-Zw,"{""objects"":[],""classifications"":[{""featureId"":""ck93z32fo3nq70y7pxhp7lpzo"",""schemaId"":""ck93xb93a7ovs0887utvd4a5i"",""title"":""Identify whether the image is real or photoshopped (fake)."",""value"":""identify_whether_the_image_is_real_or_photoshopped_(fake)."",""answer"":{""featureId"":""ck93z32gd3nq80y7ptye4n0nt"",""schemaId"":""ck93xb920ldl0097686oyfox0"",""title"":""FAKE"",""value"":""fake""}}]}",55soumya.j@gmail.com,Photoshopped or Not v2,1587114654000,1587114654000,0,zw2gh_fake.jpg,-1,-1,,,Reddit Photoshop Battles 100,[],https://editor.labelbox.com?project=ck93xa39kbvcs07125r5zhjle&label=ck93z34r8muc709760ur9lkxx
ck93z3btrmozp08614f1r4gfu,ck93vn6fbdyan0dq16d3g0n9r,https://storage.labelbox.com/ck90mf4fdepww0861upwolhgw%2Fdcc7c2b8-28a9-43df-7ccc-98fa584c0b82-zo2x6_fake.jpg?Expires=1588363546724&KeyName=labelbox-assets-key-1&Signature=v0iYJOnkmas79Pp6kZbRqaStCgE,"{""objects"":[],""classifications"":[{""featureId"":""ck93z39tz3nqr0y7po11t3en6"",""schemaId"":""ck93xb93a7ovs0887utvd4a5i"",""title"":""Identify whether the image is real or photoshopped (fake)."",""value"":""identify_whether_the_image_is_real_or_photoshopped_(fake)."",""answer"":{""featureId"":""ck93z39uy3nqs0y7pjm0i0lct"",""schemaId"":""ck93xb920ldl0097686oyfox0"",""title"":""FAKE"",""value"":""fake""}}]}",55soumya.j@gmail.com,Photoshopped or Not v2,1587114663000,1587114663000,0,zo2x6_fake.jpg,-1,-1,,,Reddit Photoshop Battles 100,[],https://editor.labelbox.com?project=ck93xa39kbvcs07125r5zhjle&label=ck93z3btrmozp08614f1r4gfu
ck93z3hebmupf097611tdp1jf,ck93vn6f3dy3v0dq14zxqgifg,https://storage.labelbox.com/ck90mf4fdepww0861upwolhgw%2Fcabd8be4-9d43-6062-877c-5a8c4f0c9966-zrudl_true.jpg?Expires=1588363546725&KeyName=labelbox-assets-key-1&Signature=hEm9HLJy3Ds1hqXx8EeP7MPq3mI,"{""objects"":[],""classifications"":[{""featureId"":""ck93z3gb431f50zb6gxqdd2oo"",""schemaId"":""ck93xb93a7ovs0887utvd4a5i"",""title"":""Identify whether the image is real or photoshopped (fake)."",""value"":""identify_whether_the_image_is_real_or_photoshopped_(fake)."",""answer"":{""featureId"":""ck93z3gcs31f60zb609v6ny5x"",""schemaId"":""ck93xb920ldkz0976gyym2c51"",""title"":""REAL"",""value"":""real""}}]}",55soumya.j@gmail.com,Photoshopped or Not v2,1587114671000,1587114671000,0,zrudl_true.jpg,-1,-1,,,Reddit Photoshop Battles 100,[],https://editor.labelbox.com?project=ck93xa39kbvcs07125r5zhjle&label=ck93z3hebmupf097611tdp1jf
ck93z3n83968w0887w90wo8em,ck93vn6f8dy7f0dq11wke1i09,https://storage.labelbox.com/ck90mf4fdepww0861upwolhgw%2Fd6994daa-38ba-abef-4b86-6c0653541391-zwgiv_true.jpg?Expires=1588363546725&KeyName=labelbox-assets-key-1&Signature=GJn6liJnufcpgzG4L_kRH4Gr05M,"{""objects"":[],""classifications"":[{""featureId"":""ck93z3m3u0bqo11c9u6fz70bq"",""schemaId"":""ck93xb93a7ovs0887utvd4a5i"",""title"":""Identify whether the image is real or photoshopped (fake)."",""value"":""identify_whether_the_image_is_real_or_photoshopped_(fake)."",""answer"":{""featureId"":""ck93z3m5r0bqq11c9uafho7vp"",""schemaId"":""ck93xb920ldl0097686oyfox0"",""title"":""FAKE"",""value"":""fake""}}]}",55soumya.j@gmail.com,Photoshopped or Not v2,1587114678000,1587114678000,0,zwgiv_true.jpg,-1,-1,,,Reddit Photoshop Battles 100,[],https://editor.labelbox.com?project=ck93xa39kbvcs07125r5zhjle&label=ck93z3n83968w0887w90wo8em
ck93z3yupmv7f0976hze1a7gy,ck93vn6fbdyaz0dq1beh60p57,https://storage.labelbox.com/ck90mf4fdepww0861upwolhgw%2Fc821577f-e2f8-40c9-2286-f5ca5cc89f72-zoadd_true.jpg?Expires=1588363546726&KeyName=labelbox-assets-key-1&Signature=Go7CnILKtlL-KBtxqBnoQHFnx8M,"{""objects"":[],""classifications"":[{""featureId"":""ck93z3weh3ns60y7p0tncn1fc"",""schemaId"":""ck93xb93a7ovs0887utvd4a5i"",""title"":""Identify whether the image is real or photoshopped (fake)."",""value"":""identify_whether_the_image_is_real_or_photoshopped_(fake)."",""answer"":{""featureId"":""ck93z3x6z3nsd0y7pzweljm10"",""schemaId"":""ck93xb920ldl0097686oyfox0"",""title"":""FAKE"",""value"":""fake""}}]}",55soumya.j@gmail.com,Photoshopped or Not v2,1587114693000,1587114693000,0,zoadd_true.jpg,-1,-1,,,Reddit Photoshop Battles 100,[],https://editor.labelbox.com?project=ck93xa39kbvcs07125r5zhjle&label=ck93z3yupmv7f0976hze1a7gy
ck93z46l596ru088769cs83c1,ck93vn6f3dy470dq1ghfe6fwt,https://storage.labelbox.com/ck90mf4fdepww0861upwolhgw%2F0628da57-6833-6f1d-0ade-b8b8fef0824a-zskb6_fake.jpg?Expires=1588363546726&KeyName=labelbox-assets-key-1&Signature=nrOqhQQlZTXdSML4TX5mZ5SMXbA,"{""objects"":[],""classifications"":[{""featureId"":""ck93z438x0ow10y74rnbjvncw"",""schemaId"":""ck93xb93a7ovs0887utvd4a5i"",""title"":""Identify whether the image is real or photoshopped (fake)."",""value"":""identify_whether_the_image_is_real_or_photoshopped_(fake)."",""answer"":{""featureId"":""ck93z439y0ow20y746avspa0u"",""schemaId"":""ck93xb920ldl0097686oyfox0"",""title"":""FAKE"",""value"":""fake""}}]}",55soumya.j@gmail.com,Photoshopped or Not v2,1587114703000,1587114703000,0,zskb6_fake.jpg,-1,-1,,,Reddit Photoshop Battles 100,[],https://editor.labelbox.com?project=ck93xa39kbvcs07125r5zhjle&label=ck93z46l596ru088769cs83c1
ck93z4b621sec09404rvoeki0,ck93vn6f8dy7r0dq1av6r79wu,https://storage.labelbox.com/ck90mf4fdepww0861upwolhgw%2F4a052fa5-dbe1-3b2e-b2ad-b740423e6353-zwycn_fake.jpg?Expires=1588363546727&KeyName=labelbox-assets-key-1&Signature=9biKQ1Oaac6Ix01nv2yCEfJ3_m0,"{""objects"":[],""classifications"":[{""featureId"":""ck93z49yi3ntg0y7pojvllnpa"",""schemaId"":""ck93xb93a7ovs0887utvd4a5i"",""title"":""Identify whether the image is real or photoshopped (fake)."",""value"":""identify_whether_the_image_is_real_or_photoshopped_(fake)."",""answer"":{""featureId"":""ck93z49zu3nti0y7pgyx427wn"",""schemaId"":""ck93xb920ldl0097686oyfox0"",""title"":""FAKE"",""value"":""fake""}}]}",55soumya.j@gmail.com,Photoshopped or Not v2,1587114709000,1587114709000,0,zwycn_fake.jpg,-1,-1,,,Reddit Photoshop Battles 100,[],https://editor.labelbox.com?project=ck93xa39kbvcs07125r5zhjle&label=ck93z4b621sec09404rvoeki0
ck93z4xcw1t1w0940gx0zvv28,ck93vn6fbdybb0dq120wacp7g,https://storage.labelbox.com/ck90mf4fdepww0861upwolhgw%2Fe13e8091-d1db-f5f4-0c9f-6d08fb90d27e-zpfe5_fake.jpg?Expires=1588363546727&KeyName=labelbox-assets-key-1&Signature=ibWlRbCctCYOm8wvxsN3zi2EB_g,"{""objects"":[],""classifications"":[{""featureId"":""ck93z4w1o0btq11c92uckkp2k"",""schemaId"":""ck93xb93a7ovs0887utvd4a5i"",""title"":""Identify whether the image is real or photoshopped (fake)."",""value"":""identify_whether_the_image_is_real_or_photoshopped_(fake)."",""answer"":{""featureId"":""ck93z4w2j0btr11c975m68n7r"",""schemaId"":""ck93xb920ldl0097686oyfox0"",""title"":""FAKE"",""value"":""fake""}}]}",55soumya.j@gmail.com,Photoshopped or Not v2,1587114738000,1587114738000,0,zpfe5_fake.jpg,-1,-1,,,Reddit Photoshop Battles 100,[],https://editor.labelbox.com?project=ck93xa39kbvcs07125r5zhjle&label=ck93z4xcw1t1w0940gx0zvv28
ck93z56b0mwpr097615leqv2l,ck93vn6f1dy0z0dq10anb9np6,https://storage.labelbox.com/ck90mf4fdepww0861upwolhgw%2F0055c91f-e896-b449-5373-fd110725018e-zxgco_true.jpg?Expires=1588363546729&KeyName=labelbox-assets-key-1&Signature=P-_Ff0mPt8-zn9iWV3MIVsFH7Io,"{""objects"":[],""classifications"":[{""featureId"":""ck93z54lf31ig0zb6e2bqmhee"",""schemaId"":""ck93xb93a7ovs0887utvd4a5i"",""title"":""Identify whether the image is real or photoshopped (fake)."",""value"":""identify_whether_the_image_is_real_or_photoshopped_(fake)."",""answer"":{""featureId"":""ck93z54ne31ih0zb6f91byb5f"",""schemaId"":""ck93xb920ldl0097686oyfox0"",""title"":""FAKE"",""value"":""fake""}}]}",55soumya.j@gmail.com,Photoshopped or Not v2,1587114749000,1587114750000,0,zxgco_true.jpg,-1,-1,,,Reddit Photoshop Battles 100,[],https://editor.labelbox.com?project=ck93xa39kbvcs07125r5zhjle&label=ck93z56b0mwpr097615leqv2l
ck93z5cnwduhr07168umjj9bn,ck93vn6f3dy4j0dq1dijng9t6,https://storage.labelbox.com/ck90mf4fdepww0861upwolhgw%2F84c1709a-6716-2750-e956-e9c4a5a36402-ztjif_true.jpg?Expires=1588363546730&KeyName=labelbox-assets-key-1&Signature=G9MMTkwlmYyvG4KvlFJS2JQ_Ink,"{""objects"":[],""classifications"":[{""featureId"":""ck93z5bli3gvx10ao9po7jyiw"",""schemaId"":""ck93xb93a7ovs0887utvd4a5i"",""title"":""Identify whether the image is real or photoshopped (fake)."",""value"":""identify_whether_the_image_is_real_or_photoshopped_(fake)."",""answer"":{""featureId"":""ck93z5bmy3gvy10aocmnr8y9o"",""schemaId"":""ck93xb920ldl0097686oyfox0"",""title"":""FAKE"",""value"":""fake""}}]}",55soumya.j@gmail.com,Photoshopped or Not v2,1587114758000,1587114758000,0,ztjif_true.jpg,-1,-1,,,Reddit Photoshop Battles 100,[],https://editor.labelbox.com?project=ck93xa39kbvcs07125r5zhjle&label=ck93z5cnwduhr07168umjj9bn
ck93z5r3udfpa0712229s76p7,ck93vn6f8dy830dq1etf56sag,https://storage.labelbox.com/ck90mf4fdepww0861upwolhgw%2F2d0e5e4b-432c-a356-f918-157b467f0b9d-zxcf0_true.jpg?Expires=1588363546730&KeyName=labelbox-assets-key-1&Signature=V4e6pzfNk6iGIIc-3p31kwLQAtc,"{""objects"":[],""classifications"":[{""featureId"":""ck93z5kma0bvl11c93xrkm2dx"",""schemaId"":""ck93xb93a7ovs0887utvd4a5i"",""title"":""Identify whether the image is real or photoshopped (fake)."",""value"":""identify_whether_the_image_is_real_or_photoshopped_(fake)."",""answer"":{""featureId"":""ck93z5knb0bvm11c9m22z8xp6"",""schemaId"":""ck93xb920ldl0097686oyfox0"",""title"":""FAKE"",""value"":""fake""}}]}",55soumya.j@gmail.com,Photoshopped or Not v2,1587114776000,1587114777000,0,zxcf0_true.jpg,-1,-1,,,Reddit Photoshop Battles 100,[],https://editor.labelbox.com?project=ck93xa39kbvcs07125r5zhjle&label=ck93z5r3udfpa0712229s76p7
ck93z5yc3rm6n0742c63q7cra,ck93vn6fbdybn0dq1hl0v6lua,https://storage.labelbox.com/ck90mf4fdepww0861upwolhgw%2F81d0b5d6-3131-b11a-4ffa-f7e3096338c8-zpgqg_true.jpg?Expires=1588363546731&KeyName=labelbox-assets-key-1&Signature=ZD6zoyXGszEqKglj8TutbiJfCuw,"{""objects"":[],""classifications"":[{""featureId"":""ck93z5wde0kjf0zbqy3so0riq"",""schemaId"":""ck93xb93a7ovs0887utvd4a5i"",""title"":""Identify whether the image is real or photoshopped (fake)."",""value"":""identify_whether_the_image_is_real_or_photoshopped_(fake)."",""answer"":{""featureId"":""ck93z5wem0kjg0zbq4nej8jcx"",""schemaId"":""ck93xb920ldl0097686oyfox0"",""title"":""FAKE"",""value"":""fake""}}]}",55soumya.j@gmail.com,Photoshopped or Not v2,1587114786000,1587114786000,0,zpgqg_true.jpg,-1,-1,,,Reddit Photoshop Battles 100,[],https://editor.labelbox.com?project=ck93xa39kbvcs07125r5zhjle&label=ck93z5yc3rm6n0742c63q7cra
ck93z67vzdgbc0712epibz7i5,ck93vn6f1dy1b0dq113e6369l,https://storage.labelbox.com/ck90mf4fdepww0861upwolhgw%2F1e29bf5f-2aa4-5a13-a242-c27672160c7d-zy5rn_fake.jpg?Expires=1588363546731&KeyName=labelbox-assets-key-1&Signature=q8sMDur8XgLv35OEj-ZwfkgsNts,"{""objects"":[],""classifications"":[{""featureId"":""ck93z66el3nxz0y7px9umt01d"",""schemaId"":""ck93xb93a7ovs0887utvd4a5i"",""title"":""Identify whether the image is real or photoshopped (fake)."",""value"":""identify_whether_the_image_is_real_or_photoshopped_(fake)."",""answer"":{""featureId"":""ck93z66fj3ny00y7poijet0bm"",""schemaId"":""ck93xb920ldkz0976gyym2c51"",""title"":""REAL"",""value"":""real""}}]}",55soumya.j@gmail.com,Photoshopped or Not v2,1587114798000,1587114798000,0,zy5rn_fake.jpg,-1,-1,,,Reddit Photoshop Battles 100,[],https://editor.labelbox.com?project=ck93xa39kbvcs07125r5zhjle&label=ck93z67vzdgbc0712epibz7i5
ck93z6t83r6yo0741mq7jcmxs,ck93vn6f3dy4v0dq1a5vfch5w,https://storage.labelbox.com/ck90mf4fdepww0861upwolhgw%2F0e6adce4-4805-d78a-64fe-a025a9dc8500-ztn9f_fake.jpg?Expires=1588363546732&KeyName=labelbox-assets-key-1&Signature=_p34fYc0r2qiqjEdle-9n1WG_ak,"{""objects"":[],""classifications"":[{""featureId"":""ck93z6nzh31m40zb6l3vne44q"",""schemaId"":""ck93xb93a7ovs0887utvd4a5i"",""title"":""Identify whether the image is real or photoshopped (fake)."",""value"":""identify_whether_the_image_is_real_or_photoshopped_(fake)."",""answer"":{""featureId"":""ck93z6r5j0bye11c9iaoyb6zk"",""schemaId"":""ck93xb920ldl0097686oyfox0"",""title"":""FAKE"",""value"":""fake""}}]}",55soumya.j@gmail.com,Photoshopped or Not v2,1587114826000,1587114826000,0,ztn9f_fake.jpg,-1,-1,,,Reddit Photoshop Battles 100,[],https://editor.labelbox.com?project=ck93xa39kbvcs07125r5zhjle&label=ck93z6t83r6yo0741mq7jcmxs
ck93z6xoqdw3x0716931v9eus,ck93vn6f9dy8f0dq15pq37eh7,https://storage.labelbox.com/ck90mf4fdepww0861upwolhgw%2F50f6a7d2-efa1-10f6-25c4-f3c10caece70-zm51r_fake.jpg?Expires=1588363546732&KeyName=labelbox-assets-key-1&Signature=icyK1tGvkasFYptJuxvkMZvl284,"{""objects"":[],""classifications"":[{""featureId"":""ck93z6wmo0km50zbqyz7bnf6n"",""schemaId"":""ck93xb93a7ovs0887utvd4a5i"",""title"":""Identify whether the image is real or photoshopped (fake)."",""value"":""identify_whether_the_image_is_real_or_photoshopped_(fake)."",""answer"":{""featureId"":""ck93z6wnm0km60zbqx5xg6yn1"",""schemaId"":""ck93xb920ldl0097686oyfox0"",""title"":""FAKE"",""value"":""fake""}}]}",55soumya.j@gmail.com,Photoshopped or Not v2,1587114832000,1587114832000,0,zm51r_fake.jpg,-1,-1,,,Reddit Photoshop Battles 100,[],https://editor.labelbox.com?project=ck93xa39kbvcs07125r5zhjle&label=ck93z6xoqdw3x0716931v9eus
ck93z741nr7850741koajmpp1,ck93vn6f1dy1n0dq150mzh0g0,https://storage.labelbox.com/ck90mf4fdepww0861upwolhgw%2Fe340891b-986a-a465-b183-abcbd75bcf3f-zy8kj_true.jpg?Expires=1588363546733&KeyName=labelbox-assets-key-1&Signature=s16Yj5gvjhJ0NoQNkvLanT98PVQ,"{""objects"":[],""classifications"":[{""featureId"":""ck93z72u30kmj0zbqn7dj3sn3"",""schemaId"":""ck93xb93a7ovs0887utvd4a5i"",""title"":""Identify whether the image is real or photoshopped (fake)."",""value"":""identify_whether_the_image_is_real_or_photoshopped_(fake)."",""answer"":{""featureId"":""ck93z72wl0kmk0zbq6mqpl2nv"",""schemaId"":""ck93xb920ldl0097686oyfox0"",""title"":""FAKE"",""value"":""fake""}}]}",55soumya.j@gmail.com,Photoshopped or Not v2,1587114840000,1587114840000,0,zy8kj_true.jpg,-1,-1,,,Reddit Photoshop Battles 100,[],https://editor.labelbox.com?project=ck93xa39kbvcs07125r5zhjle&label=ck93z741nr7850741koajmpp1
ck93z7czwdwki0716eulng5m6,ck93vn6f7dy570dq11yqp1sge,https://storage.labelbox.com/ck90mf4fdepww0861upwolhgw%2F8b6a543c-f483-3392-8890-1a9163c5334c-ztr4e_true.jpg?Expires=1588363546733&KeyName=labelbox-assets-key-1&Signature=4AuwPvpFpo1oaVNy5QEd4OsZdSg,"{""objects"":[],""classifications"":[{""featureId"":""ck93z7byn3o0t0y7p7032mjzz"",""schemaId"":""ck93xb93a7ovs0887utvd4a5i"",""title"":""Identify whether the image is real or photoshopped (fake)."",""value"":""identify_whether_the_image_is_real_or_photoshopped_(fake)."",""answer"":{""featureId"":""ck93z7bzx3o0u0y7plwlqa58y"",""schemaId"":""ck93xb920ldl0097686oyfox0"",""title"":""FAKE"",""value"":""fake""}}]}",55soumya.j@gmail.com,Photoshopped or Not v2,1587114851000,1587114852000,0,ztr4e_true.jpg,-1,-1,,,Reddit Photoshop Battles 100,[],https://editor.labelbox.com?project=ck93xa39kbvcs07125r5zhjle&label=ck93z7czwdwki0716eulng5m6
ck93z7t1ldwyo0716chrw5tyr,ck93vn6f9dy8r0dq1gkd46itg,https://storage.labelbox.com/ck90mf4fdepww0861upwolhgw%2Fc64fac6b-12ac-3c1d-08c4-f0ce1cdafcaf-zmc8p_true.jpg?Expires=1588363546734&KeyName=labelbox-assets-key-1&Signature=VXfDELfX-Xi4S1xdFkYfrvyaur8,"{""objects"":[],""classifications"":[{""featureId"":""ck94509ku0ze90y74eiby2vgz"",""schemaId"":""ck93xb93a7ovs0887utvd4a5i"",""title"":""Identify whether the image is real or photoshopped (fake)."",""value"":""identify_whether_the_image_is_real_or_photoshopped_(fake)."",""answer"":{""featureId"":""ck94509lm0zea0y743p6fw1uq"",""schemaId"":""ck93xb920ldkz0976gyym2c51"",""title"":""REAL"",""value"":""real""}}]}",55soumya.j@gmail.com,Photoshopped or Not v2,1587114872000,1587124601000,4.228,zmc8p_true.jpg,-1,-1,,,Reddit Photoshop Battles 100,[],https://editor.labelbox.com?project=ck93xa39kbvcs07125r5zhjle&label=ck93z7t1ldwyo0716chrw5tyr
ck93z7xier7z60741ht0vdphl,ck93vn6f2dy1z0dq1ehcs6xkl,https://storage.labelbox.com/ck90mf4fdepww0861upwolhgw%2Fa41e1cdd-27d0-9fe5-d620-e3b0b8edd461-zz165_fake.jpg?Expires=1588363546735&KeyName=labelbox-assets-key-1&Signature=wqMu32xi0pmjOnta-b4ecWUI_7c,"{""objects"":[],""classifications"":[{""featureId"":""ck93z7wa70p4u0y740qjlqsuw"",""schemaId"":""ck93xb93a7ovs0887utvd4a5i"",""title"":""Identify whether the image is real or photoshopped (fake)."",""value"":""identify_whether_the_image_is_real_or_photoshopped_(fake)."",""answer"":{""featureId"":""ck93z7wb70p4v0y74cixfgkii"",""schemaId"":""ck93xb920ldl0097686oyfox0"",""title"":""FAKE"",""value"":""fake""}}]}",55soumya.j@gmail.com,Photoshopped or Not v2,1587114878000,1587114878000,0,zz165_fake.jpg,-1,-1,,,Reddit Photoshop Battles 100,[],https://editor.labelbox.com?project=ck93xa39kbvcs07125r5zhjle&label=ck93z7xier7z60741ht0vdphl
ck93z83m4mtxc0861whljuwfg,ck93vn6f7dy5j0dq15bms5qgv,https://storage.labelbox.com/ck90mf4fdepww0861upwolhgw%2F8047b238-40ad-6381-a3c4-63572cd6c13c-zv0qs_fake.jpg?Expires=1588363546736&KeyName=labelbox-assets-key-1&Signature=6Rid-fOeVJgxpPf6hvSy9ancrUU,"{""objects"":[],""classifications"":[{""featureId"":""ck93z82iw0p530y74819x0jk2"",""schemaId"":""ck93xb93a7ovs0887utvd4a5i"",""title"":""Identify whether the image is real or photoshopped (fake)."",""value"":""identify_whether_the_image_is_real_or_photoshopped_(fake)."",""answer"":{""featureId"":""ck93z82k70p540y74h3bi3cpe"",""schemaId"":""ck93xb920ldl0097686oyfox0"",""title"":""FAKE"",""value"":""fake""}}]}",55soumya.j@gmail.com,Photoshopped or Not v2,1587114886000,1587114886000,0,zv0qs_fake.jpg,-1,-1,,,Reddit Photoshop Battles 100,[],https://editor.labelbox.com?project=ck93xa39kbvcs07125r5zhjle&label=ck93z83m4mtxc0861whljuwfg
ck93z8apjrocn0742hyc786u4,ck93vn6f9dy930dq123kmclpq,https://storage.labelbox.com/ck90mf4fdepww0861upwolhgw%2Fa48e1fc2-9c53-8d40-a318-658df2b73edf-zmfgb_fake.jpg?Expires=1588363546736&KeyName=labelbox-assets-key-1&Signature=NxV30oMFBHxwhbQbbTGFcIOP4vQ,"{""objects"":[],""classifications"":[{""featureId"":""ck93z89u43o2m0y7p36hldg7a"",""schemaId"":""ck93xb93a7ovs0887utvd4a5i"",""title"":""Identify whether the image is real or photoshopped (fake)."",""value"":""identify_whether_the_image_is_real_or_photoshopped_(fake)."",""answer"":{""featureId"":""ck93z89uv3o2n0y7pjcyx9oth"",""schemaId"":""ck93xb920ldkz0976gyym2c51"",""title"":""REAL"",""value"":""real""}}]}",55soumya.j@gmail.com,Photoshopped or Not v2,1587114895000,1587114895000,0,zmfgb_fake.jpg,-1,-1,,,Reddit Photoshop Battles 100,[],https://editor.labelbox.com?project=ck93xa39kbvcs07125r5zhjle&label=ck93z8apjrocn0742hyc786u4
ck93z8f29r8g50741diz4l3sh,ck93vn6f2dy2b0dq1grfnd3nm,https://storage.labelbox.com/ck90mf4fdepww0861upwolhgw%2F86dbee61-ddfb-8457-62e6-61a92d663cce-zzkzg_true.jpg?Expires=1588363546737&KeyName=labelbox-assets-key-1&Signature=E8Dpagte1WmS7keks3E-zT-VuEA,"{""objects"":[],""classifications"":[{""featureId"":""ck93z8e030c1n11c9c71ni0gw"",""schemaId"":""ck93xb93a7ovs0887utvd4a5i"",""title"":""Identify whether the image is real or photoshopped (fake)."",""value"":""identify_whether_the_image_is_real_or_photoshopped_(fake)."",""answer"":{""featureId"":""ck93z8e190c1o11c9iql5rzti"",""schemaId"":""ck93xb920ldl0097686oyfox0"",""title"":""FAKE"",""value"":""fake""}}]}",55soumya.j@gmail.com,Photoshopped or Not v2,1587114901000,1587114901000,0,zzkzg_true.jpg,-1,-1,,,Reddit Photoshop Battles 100,[],https://editor.labelbox.com?project=ck93xa39kbvcs07125r5zhjle&label=ck93z8f29r8g50741diz4l3sh
ck93z8jxxmufo0861ptfpvsex,ck93vn6f7dy5v0dq11qptfnx2,https://storage.labelbox.com/ck90mf4fdepww0861upwolhgw%2Faeecf86a-1795-5b25-2621-fe2a17c053c3-zvbp3_true.jpg?Expires=1588363546737&KeyName=labelbox-assets-key-1&Signature=NvMHMTZg73jd3ZMkLp6qfhOm2EI,"{""objects"":[],""classifications"":[{""featureId"":""ck93z8ixs0kq20zbqavierpzj"",""schemaId"":""ck93xb93a7ovs0887utvd4a5i"",""title"":""Identify whether the image is real or photoshopped (fake)."",""value"":""identify_whether_the_image_is_real_or_photoshopped_(fake)."",""answer"":{""featureId"":""ck93z8izk0kq30zbqb9ldsv8j"",""schemaId"":""ck93xb920ldkz0976gyym2c51"",""title"":""REAL"",""value"":""real""}}]}",55soumya.j@gmail.com,Photoshopped or Not v2,1587114907000,1587114907000,0,zvbp3_true.jpg,-1,-1,,,Reddit Photoshop Battles 100,[],https://editor.labelbox.com?project=ck93xa39kbvcs07125r5zhjle&label=ck93z8jxxmufo0861ptfpvsex
ck93z8nyzr8p10741dajdtzz1,ck93vn6fady9f0dq12nhn154g,https://storage.labelbox.com/ck90mf4fdepww0861upwolhgw%2Faa2354cd-6403-b1bd-5492-488e8ed0ea72-zmhxy_true.jpg?Expires=1588363546738&KeyName=labelbox-assets-key-1&Signature=2kWWzrEWAVW1WQqNtpi1AbEeFEc,"{""objects"":[],""classifications"":[{""featureId"":""ck93z8n0s0kq90zbqgp3bi8by"",""schemaId"":""ck93xb93a7ovs0887utvd4a5i"",""title"":""Identify whether the image is real or photoshopped (fake)."",""value"":""identify_whether_the_image_is_real_or_photoshopped_(fake)."",""answer"":{""featureId"":""ck93z8n1m0kqb0zbqgij0ttf4"",""schemaId"":""ck93xb920ldl0097686oyfox0"",""title"":""FAKE"",""value"":""fake""}}]}",55soumya.j@gmail.com,Photoshopped or Not v2,1587114912000,1587114912000,0,zmhxy_true.jpg,-1,-1,,,Reddit Photoshop Battles 100,[],https://editor.labelbox.com?project=ck93xa39kbvcs07125r5zhjle&label=ck93z8nyzr8p10741dajdtzz1
ck93z8u12muos0861hb2yvglq,ck93vn6f2dy2n0dq113qkgjup,https://storage.labelbox.com/ck90mf4fdepww0861upwolhgw%2F916c558c-c470-7662-eb08-4dac64a84f6b-zztjs_fake.jpg?Expires=1588363546745&KeyName=labelbox-assets-key-1&Signature=zMgwkQjqZci8HjiZo-fuokbCC1Y,"{""objects"":[],""classifications"":[{""featureId"":""ck93z8si10c2f11c9n3kfraw4"",""schemaId"":""ck93xb93a7ovs0887utvd4a5i"",""title"":""Identify whether the image is real or photoshopped (fake)."",""value"":""identify_whether_the_image_is_real_or_photoshopped_(fake)."",""answer"":{""featureId"":""ck93z8sir0c2g11c9u8klstdg"",""schemaId"":""ck93xb920ldl0097686oyfox0"",""title"":""FAKE"",""value"":""fake""}}]}",55soumya.j@gmail.com,Photoshopped or Not v2,1587114920000,1587114920000,0,zztjs_fake.jpg,-1,-1,,,Reddit Photoshop Battles 100,[],https://editor.labelbox.com?project=ck93xa39kbvcs07125r5zhjle&label=ck93z8u12muos0861hb2yvglq
ck93z8zi3n0fz09769gxpwnod,ck93vn6f7dy670dq1hmi145nn,https://storage.labelbox.com/ck90mf4fdepww0861upwolhgw%2Fa2b30559-abf4-65ce-55ba-04d0bffd2a2c-zvshn_fake.jpg?Expires=1588363546746&KeyName=labelbox-assets-key-1&Signature=7Kh2wGrzmCkGSJn8XQHIt_5VwbY,"{""objects"":[],""classifications"":[{""featureId"":""ck93z8y7x3h3a10aop5vzf3uo"",""schemaId"":""ck93xb93a7ovs0887utvd4a5i"",""title"":""Identify whether the image is real or photoshopped (fake)."",""value"":""identify_whether_the_image_is_real_or_photoshopped_(fake)."",""answer"":{""featureId"":""ck93z8y8o3h3b10aoima3el07"",""schemaId"":""ck93xb920ldkz0976gyym2c51"",""title"":""REAL"",""value"":""real""}}]}",55soumya.j@gmail.com,Photoshopped or Not v2,1587114927000,1587114927000,0,zvshn_fake.jpg,-1,-1,,,Reddit Photoshop Battles 100,[],https://editor.labelbox.com?project=ck93xa39kbvcs07125r5zhjle&label=ck93z8zi3n0fz09769gxpwnod
ck93z94zpr91n0741qrthkk6n,ck93vn6fady9r0dq17t52d6m4,https://storage.labelbox.com/ck90mf4fdepww0861upwolhgw%2Fd52a4e7a-7f1a-f993-7fae-2d5cae00fe27-zmj3s_fake.jpg?Expires=1588363546746&KeyName=labelbox-assets-key-1&Signature=jin2aZUKMUWDFPlcFGpjIzrBtJw,"{""objects"":[],""classifications"":[{""featureId"":""ck93z94130c3011c9xx4wnbuf"",""schemaId"":""ck93xb93a7ovs0887utvd4a5i"",""title"":""Identify whether the image is real or photoshopped (fake)."",""value"":""identify_whether_the_image_is_real_or_photoshopped_(fake)."",""answer"":{""featureId"":""ck93z94550c3111c93981gwm3"",""schemaId"":""ck93xb920ldl0097686oyfox0"",""title"":""FAKE"",""value"":""fake""}}]}",55soumya.j@gmail.com,Photoshopped or Not v2,1587114934000,1587114934000,0,zmj3s_fake.jpg,-1,-1,,,Reddit Photoshop Battles 100,[],https://editor.labelbox.com?project=ck93xa39kbvcs07125r5zhjle&label=ck93z94zpr91n0741qrthkk6n
ck93z99wxmv0708611dk5tepc,ck93vn6f2dy2z0dq1ds3ygvwb,https://storage.labelbox.com/ck90mf4fdepww0861upwolhgw%2F5fe303ca-60b7-5e65-4c1d-2cb23096371e-zrlol_true.jpg?Expires=1588363546747&KeyName=labelbox-assets-key-1&Signature=TIlFWtpydvwLvoKRqDnbrjFhaAw,"{""objects"":[],""classifications"":[{""featureId"":""ck93z98w231rn0zb61ud9fb3k"",""schemaId"":""ck93xb93a7ovs0887utvd4a5i"",""title"":""Identify whether the image is real or photoshopped (fake)."",""value"":""identify_whether_the_image_is_real_or_photoshopped_(fake)."",""answer"":{""featureId"":""ck93z98ww31ro0zb6vxdsao6k"",""schemaId"":""ck93xb920ldl0097686oyfox0"",""title"":""FAKE"",""value"":""fake""}}]}",55soumya.j@gmail.com,Photoshopped or Not v2,1587114941000,1587114941000,0,zrlol_true.jpg,-1,-1,,,Reddit Photoshop Battles 100,[],https://editor.labelbox.com?project=ck93xa39kbvcs07125r5zhjle&label=ck93z99wxmv0708611dk5tepc
ck93z9e98n0re0976tm6havt1,ck93vn6f7dy6j0dq1ez61foe3,https://storage.labelbox.com/ck90mf4fdepww0861upwolhgw%2F90c0ef1d-389f-c26e-6feb-467c7bb9725e-zvuqr_true.jpg?Expires=1588363546747&KeyName=labelbox-assets-key-1&Signature=_SdFGLTjwILl_y2YRlANwATF5dA,"{""objects"":[],""classifications"":[{""featureId"":""ck93z9d7z0p830y746sz9b50j"",""schemaId"":""ck93xb93a7ovs0887utvd4a5i"",""title"":""Identify whether the image is real or photoshopped (fake)."",""value"":""identify_whether_the_image_is_real_or_photoshopped_(fake)."",""answer"":{""featureId"":""ck93z9d8p0p840y740oq1uumm"",""schemaId"":""ck93xb920ldl0097686oyfox0"",""title"":""FAKE"",""value"":""fake""}}]}",55soumya.j@gmail.com,Photoshopped or Not v2,1587114946000,1587114947000,0,zvuqr_true.jpg,-1,-1,,,Reddit Photoshop Battles 100,[],https://editor.labelbox.com?project=ck93xa39kbvcs07125r5zhjle&label=ck93z9e98n0re0976tm6havt1
ck93z9mkzrpjn0742oqrjwf1n,ck93vn6fadya30dq14ohaehaf,https://storage.labelbox.com/ck90mf4fdepww0861upwolhgw%2Fa29e1212-bcec-ef75-f361-3967403f132c-zmm0x_true.jpg?Expires=1588363546749&KeyName=labelbox-assets-key-1&Signature=N_KQt8Nyn-ztMPpQAjg-iguv8lo,"{""objects"":[],""classifications"":[{""featureId"":""ck93z9lh20ks50zbq2s0rbmd1"",""schemaId"":""ck93xb93a7ovs0887utvd4a5i"",""title"":""Identify whether the image is real or photoshopped (fake)."",""value"":""identify_whether_the_image_is_real_or_photoshopped_(fake)."",""answer"":{""featureId"":""ck93z9lhs0ks60zbqt0fbclkk"",""schemaId"":""ck93xb920ldl0097686oyfox0"",""title"":""FAKE"",""value"":""fake""}}]}",55soumya.j@gmail.com,Photoshopped or Not v2,1587114957000,1587114957000,0,zmm0x_true.jpg,-1,-1,,,Reddit Photoshop Battles 100,[],https://editor.labelbox.com?project=ck93xa39kbvcs07125r5zhjle&label=ck93z9mkzrpjn0742oqrjwf1n
ck93z9sl3n14d0976j2vidxiv,ck93vn6f2dy3b0dq16a678gfx,https://storage.labelbox.com/ck90mf4fdepww0861upwolhgw%2F96499b61-2070-d988-b39b-b616c67c17a3-zroda_fake.jpg?Expires=1588363546749&KeyName=labelbox-assets-key-1&Signature=uXoY2To-nhYdjDcdw4pU9-RJ398,"{""objects"":[],""classifications"":[{""featureId"":""ck93z9r193h4i10aokel5zu8r"",""schemaId"":""ck93xb93a7ovs0887utvd4a5i"",""title"":""Identify whether the image is real or photoshopped (fake)."",""value"":""identify_whether_the_image_is_real_or_photoshopped_(fake)."",""answer"":{""featureId"":""ck93z9r1z3h4j10aobcahsgpn"",""schemaId"":""ck93xb920ldl0097686oyfox0"",""title"":""FAKE"",""value"":""fake""}}]}",55soumya.j@gmail.com,Photoshopped or Not v2,1587114965000,1587114965000,0,zroda_fake.jpg,-1,-1,,,Reddit Photoshop Battles 100,[],https://editor.labelbox.com?project=ck93xa39kbvcs07125r5zhjle&label=ck93z9sl3n14d0976j2vidxiv
ck93z9yztrpy60742elcf0hb0,ck93vn6f8dy6v0dq1hih1gmdg,https://storage.labelbox.com/ck90mf4fdepww0861upwolhgw%2F9208d203-30f1-dc43-1c05-eb39ae875eff-zvxe3_fake.jpg?Expires=1588363546750&KeyName=labelbox-assets-key-1&Signature=jcYQHzJdMwSnm36MXwWxWMe6uO4,"{""objects"":[],""classifications"":[{""featureId"":""ck93z9xv20p970y74ecukxb6v"",""schemaId"":""ck93xb93a7ovs0887utvd4a5i"",""title"":""Identify whether the image is real or photoshopped (fake)."",""value"":""identify_whether_the_image_is_real_or_photoshopped_(fake)."",""answer"":{""featureId"":""ck93z9xwb0p980y74n4ppfxkh"",""schemaId"":""ck93xb920ldl0097686oyfox0"",""title"":""FAKE"",""value"":""fake""}}]}",55soumya.j@gmail.com,Photoshopped or Not v2,1587114973000,1587114973000,0,zvxe3_fake.jpg,-1,-1,,,Reddit Photoshop Battles 100,[],https://editor.labelbox.com?project=ck93xa39kbvcs07125r5zhjle&label=ck93z9yztrpy60742elcf0hb0
ck93za5rwn1hi0976ns78furg,ck93vn6fadyaf0dq12fsr3fyk,https://storage.labelbox.com/ck90mf4fdepww0861upwolhgw%2F7f939659-3f41-efe1-918a-9e64bd788b7b-znnxp_fake.jpg?Expires=1588363546750&KeyName=labelbox-assets-key-1&Signature=8B6v464AfgWDvnaxkjuBKFoAO0Q,"{""objects"":[],""classifications"":[{""featureId"":""ck93za4dg3h5j10aoa38iytbv"",""schemaId"":""ck93xb93a7ovs0887utvd4a5i"",""title"":""Identify whether the image is real or photoshopped (fake)."",""value"":""identify_whether_the_image_is_real_or_photoshopped_(fake)."",""answer"":{""featureId"":""ck93za4em3h5k10aodnwnljb0"",""schemaId"":""ck93xb920ldl0097686oyfox0"",""title"":""FAKE"",""value"":""fake""}}]}",55soumya.j@gmail.com,Photoshopped or Not v2,1587114982000,1587114982000,0,znnxp_fake.jpg,-1,-1,,,Reddit Photoshop Battles 100,[],https://editor.labelbox.com?project=ck93xa39kbvcs07125r5zhjle&label=ck93za5rwn1hi0976ns78furg
ck93zaej2n1p709767t008cyl,ck93vn6f3dy3n0dq1b6ix58ue,https://storage.labelbox.com/ck90mf4fdepww0861upwolhgw%2F35af57ed-ae1d-f39a-1ac4-dffad258c2a7-zrtst_true.jpg?Expires=1588363546751&KeyName=labelbox-assets-key-1&Signature=Qng3CFnoI7bagp4WCwgQ9zU0VGk,"{""objects"":[],""classifications"":[{""featureId"":""ck93zad1g0pa50y74kjmahs3q"",""schemaId"":""ck93xb93a7ovs0887utvd4a5i"",""title"":""Identify whether the image is real or photoshopped (fake)."",""value"":""identify_whether_the_image_is_real_or_photoshopped_(fake)."",""answer"":{""featureId"":""ck93zad280pa60y74sn22db90"",""schemaId"":""ck93xb920ldl0097686oyfox0"",""title"":""FAKE"",""value"":""fake""}}]}",55soumya.j@gmail.com,Photoshopped or Not v2,1587114993000,1587114994000,0,zrtst_true.jpg,-1,-1,,,Reddit Photoshop Battles 100,[],https://editor.labelbox.com?project=ck93xa39kbvcs07125r5zhjle&label=ck93zaej2n1p709767t008cyl
ck93zal17rqj30742e9o85dgb,ck93vn6f8dy770dq1huzecpx9,https://storage.labelbox.com/ck90mf4fdepww0861upwolhgw%2Fd780d4d6-e1cd-35bf-e467-b89862f37c0a-zw2gh_true.jpg?Expires=1588363546752&KeyName=labelbox-assets-key-1&Signature=FC0n0YyM4tpeYWbjEhmjkwX8rXI,"{""objects"":[],""classifications"":[{""featureId"":""ck93zahll3o770y7pyoocndxf"",""schemaId"":""ck93xb93a7ovs0887utvd4a5i"",""title"":""Identify whether the image is real or photoshopped (fake)."",""value"":""identify_whether_the_image_is_real_or_photoshopped_(fake)."",""answer"":{""featureId"":""ck93zahmm3o780y7p0qmyscev"",""schemaId"":""ck93xb920ldl0097686oyfox0"",""title"":""FAKE"",""value"":""fake""}}]}",55soumya.j@gmail.com,Photoshopped or Not v2,1587115002000,1587115002000,0,zw2gh_true.jpg,-1,-1,,,Reddit Photoshop Battles 100,[],https://editor.labelbox.com?project=ck93xa39kbvcs07125r5zhjle&label=ck93zal17rqj30742e9o85dgb
ck93zardd1yte0940c5mmybja,ck93vn6fbdyar0dq1e36whcsp,https://storage.labelbox.com/ck90mf4fdepww0861upwolhgw%2F8946ef8e-31e8-4935-b9dc-e98b29e6f330-zo2x6_true.jpg?Expires=1588363546753&KeyName=labelbox-assets-key-1&Signature=3Lo90B8gimxHXJWWiB33cmQdEhQ,"{""objects"":[],""classifications"":[{""featureId"":""ck93zap753o7l0y7pxigop1qn"",""schemaId"":""ck93xb93a7ovs0887utvd4a5i"",""title"":""Identify whether the image is real or photoshopped (fake)."",""value"":""identify_whether_the_image_is_real_or_photoshopped_(fake)."",""answer"":{""featureId"":""ck93zap9s3o7m0y7pi2r7njk1"",""schemaId"":""ck93xb920ldl0097686oyfox0"",""title"":""FAKE"",""value"":""fake""}}]}",55soumya.j@gmail.com,Photoshopped or Not v2,1587115010000,1587115010000,0,zo2x6_true.jpg,-1,-1,,,Reddit Photoshop Battles 100,[],https://editor.labelbox.com?project=ck93xa39kbvcs07125r5zhjle&label=ck93zardd1yte0940c5mmybja
ck93zawgerqss0742jie3zkd1,ck93vn6f3dy3z0dq1elbedr45,https://storage.labelbox.com/ck90mf4fdepww0861upwolhgw%2Ff52deabd-9424-01db-4fa5-8316d63fc88c-zsj0t_fake.jpg?Expires=1588363546753&KeyName=labelbox-assets-key-1&Signature=ewYWgQhEriYnJjovyPR4uPkiaec,"{""objects"":[],""classifications"":[{""featureId"":""ck93zav790c5z11c9017341c7"",""schemaId"":""ck93xb93a7ovs0887utvd4a5i"",""title"":""Identify whether the image is real or photoshopped (fake)."",""value"":""identify_whether_the_image_is_real_or_photoshopped_(fake)."",""answer"":{""featureId"":""ck93zav880c6011c9vqy5dwq7"",""schemaId"":""ck93xb920ldl0097686oyfox0"",""title"":""FAKE"",""value"":""fake""}}]}",55soumya.j@gmail.com,Photoshopped or Not v2,1587115017000,1587115017000,0,zsj0t_fake.jpg,-1,-1,,,Reddit Photoshop Battles 100,[],https://editor.labelbox.com?project=ck93xa39kbvcs07125r5zhjle&label=ck93zawgerqss0742jie3zkd1
ck93zb3eldkpc0712erlgb3gl,ck93vn6f8dy7j0dq1ah714urc,https://storage.labelbox.com/ck90mf4fdepww0861upwolhgw%2Fdeeead45-2626-02c5-bd36-41bdf7da35c9-zwhbl_fake.jpg?Expires=1588363546754&KeyName=labelbox-assets-key-1&Signature=LFnfS2zmzNYXKa00pUW1x8Lkuqo,"{""objects"":[],""classifications"":[{""featureId"":""ck93zb2ad0kv60zbqsb5p30lb"",""schemaId"":""ck93xb93a7ovs0887utvd4a5i"",""title"":""Identify whether the image is real or photoshopped (fake)."",""value"":""identify_whether_the_image_is_real_or_photoshopped_(fake)."",""answer"":{""featureId"":""ck93zb2b20kv70zbqh51zxyt8"",""schemaId"":""ck93xb920ldl0097686oyfox0"",""title"":""FAKE"",""value"":""fake""}}]}",55soumya.j@gmail.com,Photoshopped or Not v2,1587115026000,1587115026000,0,zwhbl_fake.jpg,-1,-1,,,Reddit Photoshop Battles 100,[],https://editor.labelbox.com?project=ck93xa39kbvcs07125r5zhjle&label=ck93zb3eldkpc0712erlgb3gl
ck93zb8rf9du108879of17ucf,ck93vn6fbdyb30dq1e8y79fwa,https://storage.labelbox.com/ck90mf4fdepww0861upwolhgw%2Fdb7655bc-6b05-6c14-5b4b-6f53d7118916-zpcxx_fake.jpg?Expires=1588363546755&KeyName=labelbox-assets-key-1&Signature=Nd4ZJzQ5Wqp-TQ4DnJXtfI7Yufc,"{""objects"":[],""classifications"":[{""featureId"":""ck93zb7i80kvh0zbq54p3wti6"",""schemaId"":""ck93xb93a7ovs0887utvd4a5i"",""title"":""Identify whether the image is real or photoshopped (fake)."",""value"":""identify_whether_the_image_is_real_or_photoshopped_(fake)."",""answer"":{""featureId"":""ck93zb7j00kvi0zbq0shjvnfj"",""schemaId"":""ck93xb920ldl0097686oyfox0"",""title"":""FAKE"",""value"":""fake""}}]}",55soumya.j@gmail.com,Photoshopped or Not v2,1587115033000,1587115033000,0,zpcxx_fake.jpg,-1,-1,,,Reddit Photoshop Battles 100,[],https://editor.labelbox.com?project=ck93xa39kbvcs07125r5zhjle&label=ck93zb8rf9du108879of17ucf
ck93zbexl9dyr08877oq5flks,ck93vn6f3dy4b0dq1b4ss5jhz,https://storage.labelbox.com/ck90mf4fdepww0861upwolhgw%2Fa3619890-4b6b-c552-6284-dfd8fdcd8413-zskb6_true.jpg?Expires=1588363546756&KeyName=labelbox-assets-key-1&Signature=L7S5HeM2Hl6W-Q2XqQHkXjKzkQw,"{""objects"":[],""classifications"":[{""featureId"":""ck93zbcx50c6t11c9mdl3bkqg"",""schemaId"":""ck93xb93a7ovs0887utvd4a5i"",""title"":""Identify whether the image is real or photoshopped (fake)."",""value"":""identify_whether_the_image_is_real_or_photoshopped_(fake)."",""answer"":{""featureId"":""ck93zbdd50c6v11c9y3m03c36"",""schemaId"":""ck93xb920ldl0097686oyfox0"",""title"":""FAKE"",""value"":""fake""}}]}",55soumya.j@gmail.com,Photoshopped or Not v2,1587115041000,1587115041000,0,zskb6_true.jpg,-1,-1,,,Reddit Photoshop Battles 100,[],https://editor.labelbox.com?project=ck93xa39kbvcs07125r5zhjle&label=ck93zbexl9dyr08877oq5flks
ck93zbkevdl1x0712bus68v0j,ck93vn6f8dy7v0dq1fz1e0oco,https://storage.labelbox.com/ck90mf4fdepww0861upwolhgw%2F3cc9c0ed-14aa-f771-4ec6-492e520d70fe-zwycn_true.jpg?Expires=1588363546757&KeyName=labelbox-assets-key-1&Signature=WtL5ZrLq7mGOoNKxqF6Otf-eEK0,"{""objects"":[],""classifications"":[{""featureId"":""ck93zbjez0c7411c9sd34me20"",""schemaId"":""ck93xb93a7ovs0887utvd4a5i"",""title"":""Identify whether the image is real or photoshopped (fake)."",""value"":""identify_whether_the_image_is_real_or_photoshopped_(fake)."",""answer"":{""featureId"":""ck93zbjfs0c7511c949jvox9e"",""schemaId"":""ck93xb920ldkz0976gyym2c51"",""title"":""REAL"",""value"":""real""}}]}",55soumya.j@gmail.com,Photoshopped or Not v2,1587115048000,1587115048000,0,zwycn_true.jpg,-1,-1,,,Reddit Photoshop Battles 100,[],https://editor.labelbox.com?project=ck93xa39kbvcs07125r5zhjle&label=ck93zbkevdl1x0712bus68v0j
ck93zbscsmxbe0861sjr77uyh,ck93vn6fbdybf0dq12i6iflyi,https://storage.labelbox.com/ck90mf4fdepww0861upwolhgw%2Fab962275-29e5-15cd-3f96-4a2877269ee3-zpfe5_true.jpg?Expires=1588363546757&KeyName=labelbox-assets-key-1&Signature=ABlBmnyghPq1pzbE0PF17RuNqxE,"{""objects"":[],""classifications"":[{""featureId"":""ck93zbr0e3o9o0y7p15xdqmcv"",""schemaId"":""ck93xb93a7ovs0887utvd4a5i"",""title"":""Identify whether the image is real or photoshopped (fake)."",""value"":""identify_whether_the_image_is_real_or_photoshopped_(fake)."",""answer"":{""featureId"":""ck93zbr2t3o9q0y7pp7d8aamz"",""schemaId"":""ck93xb920ldkz0976gyym2c51"",""title"":""REAL"",""value"":""real""}}]}",55soumya.j@gmail.com,Photoshopped or Not v2,1587115058000,1587115058000,0,zpfe5_true.jpg,-1,-1,,,Reddit Photoshop Battles 100,[],https://editor.labelbox.com?project=ck93xa39kbvcs07125r5zhjle&label=ck93zbscsmxbe0861sjr77uyh
ck93zbws7rrmn0742h5lk73cf,ck93vn6f1dy130dq12m1x1xwo,https://storage.labelbox.com/ck90mf4fdepww0861upwolhgw%2F3af1b3e8-8bca-4c51-b3d0-9abcd4e7127f-zxkbn_fake.jpg?Expires=1588363546758&KeyName=labelbox-assets-key-1&Signature=2OPR-GPSnX00cdo3LjXhVu4DWTU,"{""objects"":[],""classifications"":[{""featureId"":""ck93zbvlb0kwo0zbq12mdnrhg"",""schemaId"":""ck93xb93a7ovs0887utvd4a5i"",""title"":""Identify whether the image is real or photoshopped (fake)."",""value"":""identify_whether_the_image_is_real_or_photoshopped_(fake)."",""answer"":{""featureId"":""ck93zbvm10kwp0zbqx1qael6k"",""schemaId"":""ck93xb920ldl0097686oyfox0"",""title"":""FAKE"",""value"":""fake""}}]}",55soumya.j@gmail.com,Photoshopped or Not v2,1587115064000,1587115064000,0,zxkbn_fake.jpg,-1,-1,,,Reddit Photoshop Battles 100,[],https://editor.labelbox.com?project=ck93xa39kbvcs07125r5zhjle&label=ck93zbws7rrmn0742h5lk73cf
ck93zc4ii1zv309402fun8kl1,ck93vn6f3dy4n0dq14ytkd6as,https://storage.labelbox.com/ck90mf4fdepww0861upwolhgw%2Fdddd76c9-fdf4-89b1-be17-8dc87b0b7770-ztm1p_fake.jpg?Expires=1588363546762&KeyName=labelbox-assets-key-1&Signature=1RR3uU3EXoiFSNYRufXKuaGVtpM,"{""objects"":[],""classifications"":[{""featureId"":""ck93zc1hw3oa80y7pzypysj0i"",""schemaId"":""ck93xb93a7ovs0887utvd4a5i"",""title"":""Identify whether the image is real or photoshopped (fake)."",""value"":""identify_whether_the_image_is_real_or_photoshopped_(fake)."",""answer"":{""featureId"":""ck93zc1kj3oa90y7p51u1e1z1"",""schemaId"":""ck93xb920ldl0097686oyfox0"",""title"":""FAKE"",""value"":""fake""}}]}",55soumya.j@gmail.com,Photoshopped or Not v2,1587115074000,1587115074000,0,ztm1p_fake.jpg,-1,-1,,,Reddit Photoshop Battles 100,[],https://editor.labelbox.com?project=ck93xa39kbvcs07125r5zhjle&label=ck93zc4ii1zv309402fun8kl1
ck93zcch7n38j0976sw998t05,ck93vn6f8dy870dq119vxc0mn,https://storage.labelbox.com/ck90mf4fdepww0861upwolhgw%2F63f182f3-f37d-2e2c-111c-0c760ee03ef0-zxe5h_fake.jpg?Expires=1588363546763&KeyName=labelbox-assets-key-1&Signature=iir_rHoSGSlEuJoCjiVfXMt_4pQ,"{""objects"":[],""classifications"":[{""featureId"":""ck93zcaxh31yc0zb6zwjnfloi"",""schemaId"":""ck93xb93a7ovs0887utvd4a5i"",""title"":""Identify whether the image is real or photoshopped (fake)."",""value"":""identify_whether_the_image_is_real_or_photoshopped_(fake)."",""answer"":{""featureId"":""ck93zcaya31yd0zb6hqf43747"",""schemaId"":""ck93xb920ldl0097686oyfox0"",""title"":""FAKE"",""value"":""fake""}}]}",55soumya.j@gmail.com,Photoshopped or Not v2,1587115084000,1587115084000,0,zxe5h_fake.jpg,-1,-1,,,Reddit Photoshop Battles 100,[],https://editor.labelbox.com?project=ck93xa39kbvcs07125r5zhjle&label=ck93zcch7n38j0976sw998t05
ck93zch91mxse08614hsp39ac,ck93vn6fbdybr0dq13ys441z8,https://storage.labelbox.com/ck90mf4fdepww0861upwolhgw%2F4eb37ed8-de4e-0641-0a66-bbc33e98c59d-zpgt7_fake.jpg?Expires=1588363546764&KeyName=labelbox-assets-key-1&Signature=BHH025TrvHyROlJRvBTEifaCmaU,"{""objects"":[],""classifications"":[{""featureId"":""ck93zcgas0pf30y74bxgzxcxe"",""schemaId"":""ck93xb93a7ovs0887utvd4a5i"",""title"":""Identify whether the image is real or photoshopped (fake)."",""value"":""identify_whether_the_image_is_real_or_photoshopped_(fake)."",""answer"":{""featureId"":""ck93zcgbt0pf40y74z9374edd"",""schemaId"":""ck93xb920ldl0097686oyfox0"",""title"":""FAKE"",""value"":""fake""}}]}",55soumya.j@gmail.com,Photoshopped or Not v2,1587115090000,1587115090000,0,zpgt7_fake.jpg,-1,-1,,,Reddit Photoshop Battles 100,[],https://editor.labelbox.com?project=ck93xa39kbvcs07125r5zhjle&label=ck93zch91mxse08614hsp39ac
ck93zcqtmmxzh0861ne829pvg,ck93vn6f1dy1f0dq1auz0bpdg,https://storage.labelbox.com/ck90mf4fdepww0861upwolhgw%2Fc71cfbaf-4550-134f-bd8f-b34946614eb7-zy5rn_true.jpg?Expires=1588363546765&KeyName=labelbox-assets-key-1&Signature=n0tqHIKqDjhGQ3wg0BfH7RApNH4,"{""objects"":[],""classifications"":[{""featureId"":""ck93zcpf93obf0y7phtfv8hcz"",""schemaId"":""ck93xb93a7ovs0887utvd4a5i"",""title"":""Identify whether the image is real or photoshopped (fake)."",""value"":""identify_whether_the_image_is_real_or_photoshopped_(fake)."",""answer"":{""featureId"":""ck93zcpg23obg0y7pp8k95gjo"",""schemaId"":""ck93xb920ldl0097686oyfox0"",""title"":""FAKE"",""value"":""fake""}}]}",55soumya.j@gmail.com,Photoshopped or Not v2,1587115103000,1587115103000,0,zy5rn_true.jpg,-1,-1,,,Reddit Photoshop Battles 100,[],https://editor.labelbox.com?project=ck93xa39kbvcs07125r5zhjle&label=ck93zcqtmmxzh0861ne829pvg
ck93zcz9j20gr0940p6tdt1ma,ck93vn6f3dy4z0dq16dlngaay,https://storage.labelbox.com/ck90mf4fdepww0861upwolhgw%2F6eb04ae2-534a-4606-5d0e-73a8799ac711-ztn9f_true.jpg?Expires=1588363546766&KeyName=labelbox-assets-key-1&Signature=m85WgHwIlIiM6cR3BNUp8UyR17I,"{""objects"":[],""classifications"":[{""featureId"":""ck93zcuby0pfw0y74f9tpja4a"",""schemaId"":""ck93xb93a7ovs0887utvd4a5i"",""title"":""Identify whether the image is real or photoshopped (fake)."",""value"":""identify_whether_the_image_is_real_or_photoshopped_(fake)."",""answer"":{""featureId"":""ck93zcxub0pg50y744glt06no"",""schemaId"":""ck93xb920ldkz0976gyym2c51"",""title"":""REAL"",""value"":""real""}}]}",55soumya.j@gmail.com,Photoshopped or Not v2,1587115114000,1587115114000,0,ztn9f_true.jpg,-1,-1,,,Reddit Photoshop Battles 100,[],https://editor.labelbox.com?project=ck93xa39kbvcs07125r5zhjle&label=ck93zcz9j20gr0940p6tdt1ma
ck93zd42drskx0742qbbyk1eh,ck93vn6f9dy8j0dq1cse45abi,https://storage.labelbox.com/ck90mf4fdepww0861upwolhgw%2Fbf7a4164-91cf-b40e-e04d-10f8b9e8888a-zm51r_true.jpg?Expires=1588363546767&KeyName=labelbox-assets-key-1&Signature=JNGwN9uLiUhjynMZ9R_oWJfnMg8,"{""objects"":[],""classifications"":[{""featureId"":""ck93zd30w3hc810aogsdpw01a"",""schemaId"":""ck93xb93a7ovs0887utvd4a5i"",""title"":""Identify whether the image is real or photoshopped (fake)."",""value"":""identify_whether_the_image_is_real_or_photoshopped_(fake)."",""answer"":{""featureId"":""ck93zd31r3hc910aoreuyn0we"",""schemaId"":""ck93xb920ldl0097686oyfox0"",""title"":""FAKE"",""value"":""fake""}}]}",55soumya.j@gmail.com,Photoshopped or Not v2,1587115120000,1587115120000,0,zm51r_true.jpg,-1,-1,,,Reddit Photoshop Battles 100,[],https://editor.labelbox.com?project=ck93xa39kbvcs07125r5zhjle&label=ck93zd42drskx0742qbbyk1eh
ck93zdgrq20ur09402uo0objl,ck93vn6f1dy1r0dq120ti3whj,https://storage.labelbox.com/ck90mf4fdepww0861upwolhgw%2Faab2d0c1-3bfa-72bf-d19f-1d7d52262cfd-zywds_fake.jpg?Expires=1588363546768&KeyName=labelbox-assets-key-1&Signature=3LjyuEEuHGAn0_awwA0kSJyS_K8,"{""objects"":[],""classifications"":[{""featureId"":""ck93zdbnu32080zb644cwz8n5"",""schemaId"":""ck93xb93a7ovs0887utvd4a5i"",""title"":""Identify whether the image is real or photoshopped (fake)."",""value"":""identify_whether_the_image_is_real_or_photoshopped_(fake)."",""answer"":{""featureId"":""ck93zdbp032090zb6islqbq5m"",""schemaId"":""ck93xb920ldkz0976gyym2c51"",""title"":""REAL"",""value"":""real""}}]}",55soumya.j@gmail.com,Photoshopped or Not v2,1587115136000,1587115136000,0,zywds_fake.jpg,-1,-1,,,Reddit Photoshop Battles 100,[],https://editor.labelbox.com?project=ck93xa39kbvcs07125r5zhjle&label=ck93zdgrq20ur09402uo0objl
ck93zdllvdmpk07126pgutdt7,ck93vn6f7dy5b0dq1atg2g8sg,https://storage.labelbox.com/ck90mf4fdepww0861upwolhgw%2F70377c04-dbaa-2b6c-cc15-e62a8708d523-zucyj_fake.jpg?Expires=1588363546768&KeyName=labelbox-assets-key-1&Signature=9xU0eXeePyGW5H7hgm05DJfbl4E,"{""objects"":[],""classifications"":[{""featureId"":""ck93zdk4l0cas11c9obzk30as"",""schemaId"":""ck93xb93a7ovs0887utvd4a5i"",""title"":""Identify whether the image is real or photoshopped (fake)."",""value"":""identify_whether_the_image_is_real_or_photoshopped_(fake)."",""answer"":{""featureId"":""ck93zdk580cat11c9nw6deohs"",""schemaId"":""ck93xb920ldl0097686oyfox0"",""title"":""FAKE"",""value"":""fake""}}]}",55soumya.j@gmail.com,Photoshopped or Not v2,1587115143000,1587115143000,0,zucyj_fake.jpg,-1,-1,,,Reddit Photoshop Battles 100,[],https://editor.labelbox.com?project=ck93xa39kbvcs07125r5zhjle&label=ck93zdllvdmpk07126pgutdt7
ck93zdtbe215i09400jq7jdvo,ck93vn6f9dy8v0dq1gnyj44mm,https://storage.labelbox.com/ck90mf4fdepww0861upwolhgw%2Ff778a7c5-dfeb-99f8-e5c4-469aa0636300-zmecl_fake.jpg?Expires=1588363546769&KeyName=labelbox-assets-key-1&Signature=UbO8k-gJkL6x_u1Gi5t9hZVn4YI,"{""objects"":[],""classifications"":[{""featureId"":""ck93zdqr50cbc11c9hyx0ztvv"",""schemaId"":""ck93xb93a7ovs0887utvd4a5i"",""title"":""Identify whether the image is real or photoshopped (fake)."",""value"":""identify_whether_the_image_is_real_or_photoshopped_(fake)."",""answer"":{""featureId"":""ck93zdreo0cbd11c9fdsohr9u"",""schemaId"":""ck93xb920ldl0097686oyfox0"",""title"":""FAKE"",""value"":""fake""}}]}",55soumya.j@gmail.com,Photoshopped or Not v2,1587115153000,1587115153000,0,zmecl_fake.jpg,-1,-1,,,Reddit Photoshop Battles 100,[],https://editor.labelbox.com?project=ck93xa39kbvcs07125r5zhjle&label=ck93zdtbe215i09400jq7jdvo
ck93ze0wqrcy00741k7n7f4zi,ck93vn6f2dy230dq1flkg99gk,https://storage.labelbox.com/ck90mf4fdepww0861upwolhgw%2F954ec66d-279e-608b-1738-9f0875ad735a-zz165_true.jpg?Expires=1588363546770&KeyName=labelbox-assets-key-1&Signature=0Gu3AuFRk_56xHcK7OdAnHBSTXA,"{""objects"":[],""classifications"":[{""featureId"":""ck93zdyp70l180zbq676mbbxs"",""schemaId"":""ck93xb93a7ovs0887utvd4a5i"",""title"":""Identify whether the image is real or photoshopped (fake)."",""value"":""identify_whether_the_image_is_real_or_photoshopped_(fake)."",""answer"":{""featureId"":""ck93zdyso0l190zbqyq868luj"",""schemaId"":""ck93xb920ldl0097686oyfox0"",""title"":""FAKE"",""value"":""fake""}}]}",55soumya.j@gmail.com,Photoshopped or Not v2,1587115162000,1587115162000,0,zz165_true.jpg,-1,-1,,,Reddit Photoshop Battles 100,[],https://editor.labelbox.com?project=ck93xa39kbvcs07125r5zhjle&label=ck93ze0wqrcy00741k7n7f4zi
ck93ze5b2n4rs0976v4wd700l,ck93vn6f7dy5n0dq1ggvl37nc,https://storage.labelbox.com/ck90mf4fdepww0861upwolhgw%2F6a5705b7-5c88-2b2c-c514-217bd0b92311-zv0qs_true.jpg?Expires=1588363546771&KeyName=labelbox-assets-key-1&Signature=L4u28kJpedHHhLS4-uzuw3FJFsg,"{""objects"":[],""classifications"":[{""featureId"":""ck93ze4620piu0y743i6uo2ei"",""schemaId"":""ck93xb93a7ovs0887utvd4a5i"",""title"":""Identify whether the image is real or photoshopped (fake)."",""value"":""identify_whether_the_image_is_real_or_photoshopped_(fake)."",""answer"":{""featureId"":""ck93ze4740piv0y7478v800ny"",""schemaId"":""ck93xb920ldkz0976gyym2c51"",""title"":""REAL"",""value"":""real""}}]}",55soumya.j@gmail.com,Photoshopped or Not v2,1587115168000,1587115168000,0,zv0qs_true.jpg,-1,-1,,,Reddit Photoshop Battles 100,[],https://editor.labelbox.com?project=ck93xa39kbvcs07125r5zhjle&label=ck93ze5b2n4rs0976v4wd700l
ck93zejwurtvl0742imr76vdh,ck93vn6f9dy970dq19vs1akvi,https://storage.labelbox.com/ck90mf4fdepww0861upwolhgw%2F00f592d5-25a4-efce-67cf-bb9174d888ca-zmfgb_true.jpg?Expires=1588363546773&KeyName=labelbox-assets-key-1&Signature=sNeL_gz-K5aV1tarM-z-DtgLthA,"{""objects"":[],""classifications"":[{""featureId"":""ck944zykh0vju0zbqeyswge2h"",""schemaId"":""ck93xb93a7ovs0887utvd4a5i"",""title"":""Identify whether the image is real or photoshopped (fake)."",""value"":""identify_whether_the_image_is_real_or_photoshopped_(fake)."",""answer"":{""featureId"":""ck944zylv0vjv0zbqvbn5o1vc"",""schemaId"":""ck93xb920ldl0097686oyfox0"",""title"":""FAKE"",""value"":""fake""}}]}",55soumya.j@gmail.com,Photoshopped or Not v2,1587115187000,1587124630000,32.916,zmfgb_true.jpg,-1,-1,,,Reddit Photoshop Battles 100,[],https://editor.labelbox.com?project=ck93xa39kbvcs07125r5zhjle&label=ck93zejwurtvl0742imr76vdh
ck93zeqarmzum0861wf9rhjzf,ck93vn6f2dy2f0dq1b04x6ewk,https://storage.labelbox.com/ck90mf4fdepww0861upwolhgw%2F9a08bb4f-c7e6-8007-ede6-4765e98f7e2f-zzp03_fake.jpg?Expires=1588363546774&KeyName=labelbox-assets-key-1&Signature=Mk6LN5VQVXmEDgkeuM4xL4iitZE,"{""objects"":[],""classifications"":[{""featureId"":""ck93zeo9t0l2y0zbql05e2qwn"",""schemaId"":""ck93xb93a7ovs0887utvd4a5i"",""title"":""Identify whether the image is real or photoshopped (fake)."",""value"":""identify_whether_the_image_is_real_or_photoshopped_(fake)."",""answer"":{""featureId"":""ck93zeocj0l300zbqq34mu5vp"",""schemaId"":""ck93xb920ldkz0976gyym2c51"",""title"":""REAL"",""value"":""real""}}]}",55soumya.j@gmail.com,Photoshopped or Not v2,1587115195000,1587115195000,0,zzp03_fake.jpg,-1,-1,,,Reddit Photoshop Battles 100,[],https://editor.labelbox.com?project=ck93xa39kbvcs07125r5zhjle&label=ck93zeqarmzum0861wf9rhjzf
ck93zevx2rdt807415a61bxpb,ck93vn6f7dy5z0dq17rbh1u76,https://storage.labelbox.com/ck90mf4fdepww0861upwolhgw%2Fffa96df6-0fcc-0d98-5868-06e80de348dd-zvjjs_fake.jpg?Expires=1588363546775&KeyName=labelbox-assets-key-1&Signature=W5kRG3q1HFsWaFlwAe6tlQaiJVI,"{""objects"":[],""classifications"":[{""featureId"":""ck93zetuf3hgv10aoj7gu8jl5"",""schemaId"":""ck93xb93a7ovs0887utvd4a5i"",""title"":""Identify whether the image is real or photoshopped (fake)."",""value"":""identify_whether_the_image_is_real_or_photoshopped_(fake)."",""answer"":{""featureId"":""ck93zetvj3hgw10aowm1jyktk"",""schemaId"":""ck93xb920ldl0097686oyfox0"",""title"":""FAKE"",""value"":""fake""}}]}",55soumya.j@gmail.com,Photoshopped or Not v2,1587115203000,1587115203000,0,zvjjs_fake.jpg,-1,-1,,,Reddit Photoshop Battles 100,[],https://editor.labelbox.com?project=ck93xa39kbvcs07125r5zhjle&label=ck93zevx2rdt807415a61bxpb
ck93zf0gke35i0716hk2mm4be,ck93vn6fady9j0dq18mab14z3,https://storage.labelbox.com/ck90mf4fdepww0861upwolhgw%2Fe3034589-5e13-a6af-a011-7c65b38f359e-zmite_fake.jpg?Expires=1588363546776&KeyName=labelbox-assets-key-1&Signature=IF801xaTu5Rfn8OWauBMFhkNMrw,"{""objects"":[],""classifications"":[{""featureId"":""ck93zezeq0pla0y74dywh9956"",""schemaId"":""ck93xb93a7ovs0887utvd4a5i"",""title"":""Identify whether the image is real or photoshopped (fake)."",""value"":""identify_whether_the_image_is_real_or_photoshopped_(fake)."",""answer"":{""featureId"":""ck93zezfh0plb0y749rnq8epw"",""schemaId"":""ck93xb920ldl0097686oyfox0"",""title"":""FAKE"",""value"":""fake""}}]}",55soumya.j@gmail.com,Photoshopped or Not v2,1587115208000,1587115209000,0,zmite_fake.jpg,-1,-1,,,Reddit Photoshop Battles 100,[],https://editor.labelbox.com?project=ck93xa39kbvcs07125r5zhjle&label=ck93zf0gke35i0716hk2mm4be
ck93zf80fn5rh0976i5ye589t,ck93vn6f2dy2r0dq171yghxdk,https://storage.labelbox.com/ck90mf4fdepww0861upwolhgw%2F7dd90ae7-8579-d10c-4aba-fd93ce8298ea-zztjs_true.jpg?Expires=1588363546777&KeyName=labelbox-assets-key-1&Signature=HzjgSwOz0C26qCtIQwl0M_rxnU0,"{""objects"":[],""classifications"":[{""featureId"":""ck93zf6ws3hhy10aozshmpe8s"",""schemaId"":""ck93xb93a7ovs0887utvd4a5i"",""title"":""Identify whether the image is real or photoshopped (fake)."",""value"":""identify_whether_the_image_is_real_or_photoshopped_(fake)."",""answer"":{""featureId"":""ck93zf6yx3hhz10ao8tt4mf8y"",""schemaId"":""ck93xb920ldkz0976gyym2c51"",""title"":""REAL"",""value"":""real""}}]}",55soumya.j@gmail.com,Photoshopped or Not v2,1587115218000,1587115218000,0,zztjs_true.jpg,-1,-1,,,Reddit Photoshop Battles 100,[],https://editor.labelbox.com?project=ck93xa39kbvcs07125r5zhjle&label=ck93zf80fn5rh0976i5ye589t
ck93zffi8red70741n4sd9k3w,ck93vn6f7dy6b0dq1c8hygh6j,https://storage.labelbox.com/ck90mf4fdepww0861upwolhgw%2F8193773f-cbcf-8dfa-30dc-8709b87ce3cc-zvshn_true.jpg?Expires=1588363546777&KeyName=labelbox-assets-key-1&Signature=8FRcJbf187LJv5pqJ35-vkNUovs,"{""objects"":[],""classifications"":[{""featureId"":""ck93zfedu0l4s0zbq3gw1dfoh"",""schemaId"":""ck93xb93a7ovs0887utvd4a5i"",""title"":""Identify whether the image is real or photoshopped (fake)."",""value"":""identify_whether_the_image_is_real_or_photoshopped_(fake)."",""answer"":{""featureId"":""ck93zfefm0l4t0zbqm5mof7z9"",""schemaId"":""ck93xb920ldl0097686oyfox0"",""title"":""FAKE"",""value"":""fake""}}]}",55soumya.j@gmail.com,Photoshopped or Not v2,1587115228000,1587115228000,0,zvshn_true.jpg,-1,-1,,,Reddit Photoshop Battles 100,[],https://editor.labelbox.com?project=ck93xa39kbvcs07125r5zhjle&label=ck93zffi8red70741n4sd9k3w
ck93zfkyvrutj0742d0bzb991,ck93vn6fady9v0dq16hvthjvu,https://storage.labelbox.com/ck90mf4fdepww0861upwolhgw%2F4eb01808-ce3a-effd-d3fb-27a4493f8ba6-zmj3s_true.jpg?Expires=1588363546778&KeyName=labelbox-assets-key-1&Signature=yx6hqEZArf6PZs4C3aD4fCjBe5o,"{""objects"":[],""classifications"":[{""featureId"":""ck93zfj790pms0y74nahfffpm"",""schemaId"":""ck93xb93a7ovs0887utvd4a5i"",""title"":""Identify whether the image is real or photoshopped (fake)."",""value"":""identify_whether_the_image_is_real_or_photoshopped_(fake)."",""answer"":{""featureId"":""ck93zfj890pmt0y74qh12cdvh"",""schemaId"":""ck93xb920ldl0097686oyfox0"",""title"":""FAKE"",""value"":""fake""}}]}",55soumya.j@gmail.com,Photoshopped or Not v2,1587115235000,1587115235000,0,zmj3s_true.jpg,-1,-1,,,Reddit Photoshop Battles 100,[],https://editor.labelbox.com?project=ck93xa39kbvcs07125r5zhjle&label=ck93zfkyvrutj0742d0bzb991
ck944x68b39ou0758iskh0cnh,ck93vn6f2dy330dq1hrbfftfp,https://storage.labelbox.com/ck90mf4fdepww0861upwolhgw%2F939679a2-f8c4-827e-899c-a35caa371cfa-zrm63_fake.jpg?Expires=1588363546779&KeyName=labelbox-assets-key-1&Signature=XrBTUG99uwQcIHTRf8T3O6OJK3g,"{""objects"":[],""classifications"":[{""featureId"":""ck944x3rk3xze0y7po6qvg0n6"",""schemaId"":""ck93xb93a7ovs0887utvd4a5i"",""title"":""Identify whether the image is real or photoshopped (fake)."",""value"":""identify_whether_the_image_is_real_or_photoshopped_(fake)."",""answer"":{""featureId"":""ck944x3s83xzf0y7py01kgsj8"",""schemaId"":""ck93xb920ldl0097686oyfox0"",""title"":""FAKE"",""value"":""fake""}}]}",55soumya.j@gmail.com,Photoshopped or Not v2,1587124454000,1587124454000,0,zrm63_fake.jpg,-1,-1,,,Reddit Photoshop Battles 100,[],https://editor.labelbox.com?project=ck93xa39kbvcs07125r5zhjle&label=ck944x68b39ou0758iskh0cnh
ck944xd10w49k0742zcwih268,ck93vn6f7dy6n0dq1ao5d3xs9,https://storage.labelbox.com/ck90mf4fdepww0861upwolhgw%2F9785cfe2-063b-44fa-3c54-57b4ba8611af-zvwj1_fake.jpg?Expires=1588363546783&KeyName=labelbox-assets-key-1&Signature=-Qh5unPsHkAthQlwr732zXRA0ks,"{""objects"":[],""classifications"":[{""featureId"":""ck944xbre0221107icpe7hran"",""schemaId"":""ck93xb93a7ovs0887utvd4a5i"",""title"":""Identify whether the image is real or photoshopped (fake)."",""value"":""identify_whether_the_image_is_real_or_photoshopped_(fake)."",""answer"":{""featureId"":""ck944xbwm0223107ih9ahdfap"",""schemaId"":""ck93xb920ldl0097686oyfox0"",""title"":""FAKE"",""value"":""fake""}}]}",55soumya.j@gmail.com,Photoshopped or Not v2,1587124463000,1587124463000,0,zvwj1_fake.jpg,-1,-1,,,Reddit Photoshop Battles 100,[],https://editor.labelbox.com?project=ck93xa39kbvcs07125r5zhjle&label=ck944xd10w49k0742zcwih268
ck944xk8qvq2k0741lwnd1g2w,ck93vn6fadya70dq15aysbsmx,https://storage.labelbox.com/ck90mf4fdepww0861upwolhgw%2F40ce28cc-9669-77e9-294d-d66da98a682b-zmoan_fake.jpg?Expires=1588363546784&KeyName=labelbox-assets-key-1&Signature=HFsIO5NprrJRPcPTtNurRAGylJE,"{""objects"":[],""classifications"":[{""featureId"":""ck944xj9b0ver0zbqt7txfw1e"",""schemaId"":""ck93xb93a7ovs0887utvd4a5i"",""title"":""Identify whether the image is real or photoshopped (fake)."",""value"":""identify_whether_the_image_is_real_or_photoshopped_(fake)."",""answer"":{""featureId"":""ck944xja40ves0zbqosgj9ckm"",""schemaId"":""ck93xb920ldl0097686oyfox0"",""title"":""FAKE"",""value"":""fake""}}]}",55soumya.j@gmail.com,Photoshopped or Not v2,1587124472000,1587124472000,0,zmoan_fake.jpg,-1,-1,,,Reddit Photoshop Battles 100,[],https://editor.labelbox.com?project=ck93xa39kbvcs07125r5zhjle&label=ck944xk8qvq2k0741lwnd1g2w
ck944xot7hyj60712ln1k7jjq,ck93vn6f2dy3f0dq1dbr86rae,https://storage.labelbox.com/ck90mf4fdepww0861upwolhgw%2F34da2f7b-286c-8c8e-f0f2-d0358bd93060-zroda_true.jpg?Expires=1588363546784&KeyName=labelbox-assets-key-1&Signature=Fa_VcpI7pXhnmKMEJJm3ZDaJo7c,"{""objects"":[],""classifications"":[{""featureId"":""ck944xnrb0z7v0y74eugx5n0l"",""schemaId"":""ck93xb93a7ovs0887utvd4a5i"",""title"":""Identify whether the image is real or photoshopped (fake)."",""value"":""identify_whether_the_image_is_real_or_photoshopped_(fake)."",""answer"":{""featureId"":""ck944xns40z7w0y740ol1tujy"",""schemaId"":""ck93xb920ldkz0976gyym2c51"",""title"":""REAL"",""value"":""real""}}]}",55soumya.j@gmail.com,Photoshopped or Not v2,1587124478000,1587124478000,0,zroda_true.jpg,-1,-1,,,Reddit Photoshop Battles 100,[],https://editor.labelbox.com?project=ck93xa39kbvcs07125r5zhjle&label=ck944xot7hyj60712ln1k7jjq
ck944xv4l6dau0940kf1d939y,ck93vn6f8dy6z0dq1cr9n0mla,https://storage.labelbox.com/ck90mf4fdepww0861upwolhgw%2Fca926e8a-bbba-ee20-3a58-82bf80c9267d-zvxe3_true.jpg?Expires=1588363546785&KeyName=labelbox-assets-key-1&Signature=3csqzmmFyv5ycydy0rG5nD0gCk4,"{""objects"":[],""classifications"":[{""featureId"":""ck944xu0803rg0zauacegfozn"",""schemaId"":""ck93xb93a7ovs0887utvd4a5i"",""title"":""Identify whether the image is real or photoshopped (fake)."",""value"":""identify_whether_the_image_is_real_or_photoshopped_(fake)."",""answer"":{""featureId"":""ck944xu1603rh0zausmvxo0gw"",""schemaId"":""ck93xb920ldkz0976gyym2c51"",""title"":""REAL"",""value"":""real""}}]}",55soumya.j@gmail.com,Photoshopped or Not v2,1587124486000,1587124486000,0,zvxe3_true.jpg,-1,-1,,,Reddit Photoshop Battles 100,[],https://editor.labelbox.com?project=ck93xa39kbvcs07125r5zhjle&label=ck944xv4l6dau0940kf1d939y
ck944y2a6w4xa0742g34z4tve,ck93vn6fbdyaj0dq13che6yir,https://storage.labelbox.com/ck90mf4fdepww0861upwolhgw%2Fe739f832-cf20-622b-8afe-8e3c74def2fb-znnxp_true.jpg?Expires=1588363546786&KeyName=labelbox-assets-key-1&Signature=kzkrULUemq_pipH1ly1WXYi1Hqs,"{""objects"":[],""classifications"":[{""featureId"":""ck944y1be023n107iviyjn594"",""schemaId"":""ck93xb93a7ovs0887utvd4a5i"",""title"":""Identify whether the image is real or photoshopped (fake)."",""value"":""identify_whether_the_image_is_real_or_photoshopped_(fake)."",""answer"":{""featureId"":""ck944y1cd023o107i47jhkr8d"",""schemaId"":""ck93xb920ldkz0976gyym2c51"",""title"":""REAL"",""value"":""real""}}]}",55soumya.j@gmail.com,Photoshopped or Not v2,1587124495000,1587124495000,0,znnxp_true.jpg,-1,-1,,,Reddit Photoshop Battles 100,[],https://editor.labelbox.com?project=ck93xa39kbvcs07125r5zhjle&label=ck944y2a6w4xa0742g34z4tve
ck944ygoq6dy00940je75goyt,ck93vn6f3dy3r0dq1bty6f150,https://storage.labelbox.com/ck90mf4fdepww0861upwolhgw%2F410290b8-7607-2bec-3590-3360a6f0258e-zrudl_fake.jpg?Expires=1588363546789&KeyName=labelbox-assets-key-1&Signature=-5FoyatTWQ2LhbDNvf3UYoWiKr8,"{""objects"":[],""classifications"":[{""featureId"":""ck944ybno3y2f0y7p49xv0yzg"",""schemaId"":""ck93xb93a7ovs0887utvd4a5i"",""title"":""Identify whether the image is real or photoshopped (fake)."",""value"":""identify_whether_the_image_is_real_or_photoshopped_(fake)."",""answer"":{""featureId"":""ck944yfo203t70zaujfy8dk0b"",""schemaId"":""ck93xb920ldkz0976gyym2c51"",""title"":""REAL"",""value"":""real""}}]}",55soumya.j@gmail.com,Photoshopped or Not v2,1587124514000,1587124514000,0,zrudl_fake.jpg,-1,-1,,,Reddit Photoshop Battles 100,[],https://editor.labelbox.com?project=ck93xa39kbvcs07125r5zhjle&label=ck944ygoq6dy00940je75goyt
ck944yloq6e3b0940kqfi7np6,ck93vn6f8dy7b0dq11kthcq8n,https://storage.labelbox.com/ck90mf4fdepww0861upwolhgw%2Fffe2025f-a0c7-19b7-85fa-ff3dfd2b3c2f-zwgiv_fake.jpg?Expires=1588363546790&KeyName=labelbox-assets-key-1&Signature=s12osWs4ZBb7PN9yYt2vJk2u_rA,"{""objects"":[],""classifications"":[{""featureId"":""ck944yjza0vgt0zbq47t9ngdy"",""schemaId"":""ck93xb93a7ovs0887utvd4a5i"",""title"":""Identify whether the image is real or photoshopped (fake)."",""value"":""identify_whether_the_image_is_real_or_photoshopped_(fake)."",""answer"":{""featureId"":""ck944yk0q0vgv0zbq46z4p313"",""schemaId"":""ck93xb920ldkz0976gyym2c51"",""title"":""REAL"",""value"":""real""}}]}",55soumya.j@gmail.com,Photoshopped or Not v2,1587124521000,1587124521000,0,zwgiv_fake.jpg,-1,-1,,,Reddit Photoshop Battles 100,[],https://editor.labelbox.com?project=ck93xa39kbvcs07125r5zhjle&label=ck944yloq6e3b0940kqfi7np6
ck944yxv1rgh70976qvbv16tb,ck93vn6fbdyav0dq116s11g5w,https://storage.labelbox.com/ck90mf4fdepww0861upwolhgw%2F42e94903-1868-53ee-3aeb-5491e207cea2-zoadd_fake.jpg?Expires=1588363546791&KeyName=labelbox-assets-key-1&Signature=2dJcaE4KTqC-Sn342kmQWFklC70,"{""objects"":[],""classifications"":[{""featureId"":""ck944yu6b0254107ic0s7gony"",""schemaId"":""ck93xb93a7ovs0887utvd4a5i"",""title"":""Identify whether the image is real or photoshopped (fake)."",""value"":""identify_whether_the_image_is_real_or_photoshopped_(fake)."",""answer"":{""featureId"":""ck944yu820255107i5dfjqgvb"",""schemaId"":""ck93xb920ldl0097686oyfox0"",""title"":""FAKE"",""value"":""fake""}}]}",55soumya.j@gmail.com,Photoshopped or Not v2,1587124536000,1587124536000,0,zoadd_fake.jpg,-1,-1,,,Reddit Photoshop Battles 100,[],https://editor.labelbox.com?project=ck93xa39kbvcs07125r5zhjle&label=ck944yxv1rgh70976qvbv16tb
ck944z46wrcbn086175165ae4,ck93vn6f3dy430dq17urcfcdr,https://storage.labelbox.com/ck90mf4fdepww0861upwolhgw%2F186e3686-6784-8a13-d3d3-d53a8c0688f2-zsj0t_true.jpg?Expires=1588363546792&KeyName=labelbox-assets-key-1&Signature=fbGUuTbmyKYdToYWLDPYuzx24xU,"{""objects"":[],""classifications"":[{""featureId"":""ck944z2mu0vhu0zbq3w604zuv"",""schemaId"":""ck93xb93a7ovs0887utvd4a5i"",""title"":""Identify whether the image is real or photoshopped (fake)."",""value"":""identify_whether_the_image_is_real_or_photoshopped_(fake)."",""answer"":{""featureId"":""ck944z2ns0vhv0zbq4krnqb3p"",""schemaId"":""ck93xb920ldl0097686oyfox0"",""title"":""FAKE"",""value"":""fake""}}]}",55soumya.j@gmail.com,Photoshopped or Not v2,1587124545000,1587124545000,0,zsj0t_true.jpg,-1,-1,,,Reddit Photoshop Battles 100,[],https://editor.labelbox.com?project=ck93xa39kbvcs07125r5zhjle&label=ck944z46wrcbn086175165ae4
